,DATE,UNRATE(%),CONSUMER CONF INDEX,PPI-CONST MAT.,CPIALLITEMS,INFLATION(%),MORTGAGE INT. MONTHLY AVG(%),MED HOUSEHOLD INCOME,CORP. BOND YIELD(%),MONTHLY HOME SUPPLY,% SHARE OF WORKING POPULATION,GDP PER CAPITA,QUARTERLY REAL GDP,QUARTERLY GDP GROWTH RATE (%),CSUSHPISA,new UNRATE(%),new CONSUMER CONF INDEX,new PPI-CONST MAT.,new CPIALLITEMS,new INFLATION(%),new MORTGAGE INT. MONTHLY AVG(%),new MED HOUSEHOLD INCOME,new CORP. BOND YIELD(%),new MONTHLY HOME SUPPLY,new % SHARE OF WORKING POPULATION,new GDP PER CAPITA,new QUARTERLY REAL GDP,new QUARTERLY GDP GROWTH RATE (%),new CSUSHPISA
240,2002-01-05,5.8,108.5,143.8,75.8595375,1.181767015,6.806,42409.0,6.75,4.0,66.59359495,37860,13477.356,0.615502456,304.831,-0.5892857142857143,0.47266313932980597,-1.0,-1.0,-0.38589215697353674,1.0,-1.0,1.0,-0.8426966292134831,0.40627846557863,-1.0,-1.0,0.15897815805422955,1.0
239,2002-01-06,5.8,110.3,144.3,75.90172857,1.067415727,6.65,42409.0,6.63,4.2,66.59359495,37860,13477.356,0.615502456,301.704,-0.5892857142857143,0.5044091710758376,-0.9952166155641763,-0.9982221588599995,-0.4073089172172891,0.9243085880640467,-1.0,0.9479392624728853,-0.797752808988764,0.40627846557863,-1.0,-1.0,0.15897815805422955,0.9660306234961189
238,2002-01-07,5.8,106.3,144.7,75.9861107,1.464788735,6.485,42409.0,6.53,4.2,66.59359495,38099,13531.741,0.403528704,296.496,-0.5892857142857143,0.4338624338624337,-0.9913899080155175,-0.9946664770013777,-0.33288524793885765,0.844250363901019,-1.0,0.9045553145336231,-0.797752808988764,0.40627846557863,-0.9870379911598015,-0.9828138514321685,0.13326065549191513,0.9094548278989931
237,2002-01-08,5.7,97.4,145.1,76.2392571,1.802816906,6.29,42409.0,6.37,4.0,66.59359495,38099,13531.741,0.403528704,290.371,-0.6071428571428571,0.27689594356261016,-0.9875632004668585,-0.9839994310041323,-0.26957622518485835,0.7496360989810771,-1.0,0.8351409978308031,-0.8426966292134831,0.40627846557863,-0.9870379911598015,-0.9828138514321685,0.13326065549191513,0.8429174338835566
236,2002-01-09,5.7,94.5,145.4,76.3658303,1.514301746,6.0925,42409.0,6.15,3.9,66.59359495,38099,13531.741,0.403528704,284.767,-0.6071428571428571,0.2257495590828924,-0.9846931698053641,-0.9786659080055099,-0.32361199615411795,0.6538088306647258,-1.0,0.7396963123644253,-0.8651685393258426,0.40627846557863,-0.9870379911598015,-0.9828138514321685,0.13326065549191513,0.7820397920774331
235,2002-01-10,5.7,93.7,145.0,76.4924035,2.025886322,6.1125,42409.0,6.32,4.0,66.59359495,38274,13549.421,0.130655767,280.19,-0.6071428571428571,0.21164021164021163,-0.9885198773540231,-0.9733323850068876,-0.22779773467773057,0.6635128578360019,-1.0,0.8134490238611716,-0.8426966292134831,0.40627846557863,-0.9775469805027523,-0.9772268126038286,0.10015462047450518,0.7323187059698977
234,2002-01-11,5.9,79.6,144.6,76.4924035,2.198421643,6.068,42409.0,6.31,4.0,66.59359495,38274,13549.421,0.130655767,276.429,-0.5714285714285714,-0.0370370370370372,-0.9923465849026822,-0.9733323850068876,-0.19548373395186325,0.6419213973799125,-1.0,0.8091106290672454,-0.8426966292134831,0.40627846557863,-0.9775469805027523,-0.9772268126038286,0.10015462047450518,0.6914620302324188
233,2002-01-12,6.0,84.9,144.3,76.32363923,2.376910015,6.0475,42409.0,6.21,4.0,66.59359495,38274,13549.421,0.130655767,273.154,-0.5535714285714286,0.0564373897707231,-0.9952166155641763,-0.9804437491455104,-0.16205479111895293,0.6319747695293547,-1.0,0.765726681127983,-0.8426966292134831,0.40627846557863,-0.9775469805027523,-0.9772268126038286,0.10015462047450518,0.6558848930241652
232,2003-01-01,5.8,80.7,144.4,76.66116776,2.597402587,5.916,43318.0,6.17,4.0,66.73921392,38584,13619.434,0.516723187,270.258,-0.5892857142857143,-0.01763668430335097,-0.9942599386770116,-0.966221021289643,-0.12075891564046859,0.5681707908782145,-0.930858751045866,0.7483731019522777,-0.8426966292134831,0.5289409126677043,-0.9607343330531225,-0.9551020756418065,0.14699386245327672,0.6244249268088662
231,2003-01-02,5.9,78.8,145.2,77.25184269,2.980877387,5.8425,43318.0,5.95,4.5,66.73921392,38584,13619.434,0.516723187,267.028,-0.5714285714285714,-0.051146384479717866,-0.9866065235796938,-0.9413312474365304,-0.04893823049767532,0.532508491023775,-0.930858751045866,0.6529284164859004,-0.7303370786516853,0.5289409126677043,-0.9607343330531225,-0.9551020756418065,0.14699386245327672,0.5893366357607261
230,2003-01-03,5.9,64.8,145.2,77.71594443,3.020134229,5.745,43318.0,5.89,4.1,66.73921392,38584,13619.434,0.516723187,263.349,-0.5714285714285714,-0.29805996472663143,-0.9866065235796938,-0.9217749961606625,-0.04158584830989576,0.485201358563804,-0.930858751045866,0.6268980477223427,-0.8202247191011236,0.5289409126677043,-0.9607343330531225,-0.9551020756418065,0.14699386245327672,0.5493707463594537
229,2003-01-04,6.0,61.4,145.9,77.54718016,2.224694107,5.8125,43318.0,5.74,4.1,66.73921392,38976,13741.107,0.893377801,259.249,-0.5535714285714286,-0.3580246913580247,-0.9799097853695404,-0.9288863602992853,-0.19056318541811512,0.5179524502668607,-0.930858751045866,0.5618221258134493,-0.8202247191011236,0.5289409126677043,-0.9394744691813326,-0.9166523145919991,0.19269110519799426,0.504831429549121
228,2003-01-05,6.1,81.0,145.8,77.42060696,2.057842048,5.484,43318.0,5.22,3.9,66.73921392,38976,13741.107,0.893377801,254.556,-0.5357142857142858,-0.012345679012345734,-0.9808664622567052,-0.9342198832979076,-0.22181277260054744,0.3585638039786512,-0.930858751045866,0.3362255965292842,-0.8651685393258426,0.5289409126677043,-0.9394744691813326,-0.9166523145919991,0.19269110519799426,0.453850206673293
227,2003-01-06,6.3,83.6,146.1,77.50498909,2.112284595,5.23,43318.0,4.97,3.5,66.73921392,38976,13741.107,0.893377801,250.094,-0.5,0.033509700176366675,-0.977996431595211,-0.9306642014392856,-0.21161627200530952,0.23532265890344517,-0.930858751045866,0.22776572668112793,-0.9550561797752809,0.5289409126677043,-0.9394744691813326,-0.9166523145919991,0.19269110519799426,0.4053783940860476
226,2003-01-07,6.2,83.5,147.0,77.58937123,2.109938929,5.6325,43318.0,5.49,3.6,66.73921392,39752,13970.157,1.66689627,245.796,-0.5178571428571428,0.03174603174603163,-0.9693863396107283,-0.9271085191592848,-0.21205558989330675,0.4306162057253762,-0.930858751045866,0.453362255965293,-0.9325842696629213,0.5289409126677043,-0.8973886162106463,-0.8442704569205495,0.2865374565542935,0.35868815417121525
225,2003-01-08,6.1,77.0,147.2,77.88470869,2.158273379,6.264,43318.0,5.88,3.5,66.73921392,39752,13970.157,1.66689627,241.845,-0.5357142857142858,-0.08289241622574961,-0.967472985836399,-0.914663632443418,-0.20300306984505312,0.7370208636584183,-0.930858751045866,0.6225596529284165,-0.9550561797752809,0.5289409126677043,-0.8973886162106463,-0.8442704569205495,0.2865374565542935,0.3157674613132577
224,2003-01-09,6.1,81.7,149.0,78.13785509,2.320441987,6.1475,43318.0,5.72,3.8,66.73921392,39752,13970.157,1.66689627,238.784,-0.5357142857142858,0.0,-0.9502528018674334,-0.9039965864461726,-0.17263064241249937,0.680494905385735,-0.930858751045866,0.5531453362255965,-0.8876404494382022,0.5289409126677043,-0.8973886162106463,-0.8442704569205495,0.2865374565542935,0.28251505917754316
223,2003-01-10,6.0,77.0,149.6,78.05347296,2.040816328,5.952,43318.0,5.7,3.8,66.73921392,40362,14131.379,1.154045728,235.7,-0.5535714285714286,-0.08289241622574961,-0.944512740544445,-0.9075522683047952,-0.22500150592917645,0.5856380397865113,-0.930858751045866,0.5444685466377444,-0.8876404494382022,0.5289409126677043,-0.8643056647775036,-0.7933228565821666,0.22431637963544304,0.24901280233777068
222,2003-01-11,5.8,81.7,150.2,77.84251763,1.765030341,5.9325,43318.0,5.65,4.1,66.73921392,40362,14131.379,1.154045728,232.673,-0.5892857142857143,0.0,-0.9387726792214566,-0.9164414731620395,-0.2766532403824482,0.5761766132945172,-0.930858751045866,0.5227765726681131,-0.8202247191011236,0.5289409126677043,-0.8643056647775036,-0.7933228565821666,0.22431637963544304,0.21612975063414197
221,2003-01-12,5.7,92.5,149.7,77.75813549,1.879491432,5.876,43318.0,5.62,4.0,66.73921392,40362,14131.379,1.154045728,229.403,-0.6071428571428571,0.19047619047619047,-0.9435560636572803,-0.9199971554420403,-0.25521591522363307,0.5487627365356624,-0.930858751045866,0.5097613882863343,-0.8426966292134831,0.5289409126677043,-0.8643056647775036,-0.7933228565821666,0.22431637963544304,0.18060692966590053
220,2004-01-01,5.7,94.8,150.0,78.13785509,1.926252069,5.7125,44334.0,5.54,3.8,66.92166376,40801,14212.34,0.572916486,225.793,-0.6071428571428571,0.23104056437389753,-0.9406860329957859,-0.9039965864461726,-0.24645815333927068,0.4694323144104804,-0.8535787632159428,0.4750542299349243,-0.8876404494382022,0.6826279209291304,-0.8404967866149633,-0.7677384532687495,0.15381145801585094,0.1413906043768025
219,2004-01-02,5.6,97.7,153.4,78.55976576,1.693063912,5.635,44334.0,5.5,3.7,66.92166376,40801,14212.34,0.572916486,222.539,-0.625,0.2821869488536155,-0.9081590188321846,-0.8862181763103045,-0.29013177466438844,0.43182920912178546,-0.8535787632159428,0.4577006507592192,-0.9101123595505617,0.6826279209291304,-0.8404967866149633,-0.7677384532687495,0.15381145801585094,0.1060415953766014
218,2004-01-03,5.8,88.5,156.5,79.06605855,1.737242119,5.445,44334.0,5.33,3.6,66.92166376,40801,14212.34,0.572916486,219.702,-0.5892857142857143,0.11992945326278659,-0.8785020353300775,-0.8648840847371932,-0.28185767400609185,0.33964095099466296,-0.8535787632159428,0.38394793926247295,-0.9325842696629213,0.6826279209291304,-0.8404967866149633,-0.7677384532687495,0.15381145801585094,0.07522256079345135
217,2004-01-04,5.6,88.5,160.1,79.31920495,2.28509249,5.83,44334.0,5.73,4.0,66.92166376,41358,14323.017,0.778738758,218.139,-0.625,0.11992945326278659,-0.8440616673921468,-0.8542170387399479,-0.17925122111543668,0.5264434740417274,-0.8535787632159428,0.5574837310195231,-0.8426966292134831,0.6826279209291304,-0.8102882555522413,-0.7327635270015456,0.17878263844549847,0.05824330416551238
216,2004-01-05,5.6,93.0,162.7,79.78330668,3.051771115,6.27,44334.0,6.04,3.8,66.92166376,41358,14323.017,0.778738758,217.689,-0.625,0.1992945326278659,-0.8191880683258635,-0.8346607878854583,-0.03566060151843908,0.7399320718098008,-0.8535787632159428,0.6919739696312366,-0.8876404494382022,0.6826279209291304,-0.8102882555522413,-0.7327635270015456,0.17878263844549847,0.05335484256437795
215,2004-01-06,5.6,93.1,162.0,80.03645308,3.266194886,6.2875,44334.0,6.01,3.9,66.92166376,41358,14323.017,0.778738758,217.464,-0.625,0.20105820105820094,-0.8258848065360166,-0.823993741888213,0.004498653129118901,0.7484230955846674,-0.8535787632159428,0.6789587852494579,-0.8651685393258426,0.6826279209291304,-0.8102882555522413,-0.7327635270015456,0.17878263844549847,0.05091061176381095
214,2004-01-07,5.5,102.8,162.2,79.90987988,2.990755838,6.056,44334.0,5.82,4.5,66.92166376,41911,14457.832,0.941247225,216.602,-0.6428571428571428,0.3721340388007053,-0.8239714527616873,-0.8293272648868353,-0.04708810339944236,0.6360989810771469,-0.8535787632159428,0.5965292841648593,-0.7303370786516853,0.6826279209291304,-0.780296661875966,-0.6901607758905368,0.19849881498640487,0.041546491985638534
213,2004-01-08,5.4,105.7,165.9,79.95207095,2.65438787,5.8675,44334.0,5.65,4.3,66.92166376,41911,14457.832,0.941247225,215.549,-0.6607142857142856,0.42328042328042326,-0.7885744079365915,-0.8275494237468349,-0.11008618807632109,0.5446385249878698,-0.8535787632159428,0.5227765726681131,-0.7752808988764044,0.6826279209291304,-0.780296661875966,-0.6901607758905368,0.19849881498640487,0.030107491838984757
212,2004-01-09,5.4,98.7,167.2,80.12083521,2.537796971,5.754,44334.0,5.46,4.1,66.92166376,41911,14457.832,0.941247225,214.49,-0.6607142857142856,0.2998236331569666,-0.77613760840345,-0.820438060029591,-0.1319224032528965,0.4895681707908779,-0.8535787632159428,0.44034707158351427,-0.8202247191011236,0.6826279209291304,-0.780296661875966,-0.6901607758905368,0.19849881498640487,0.01860331220431588
211,2004-01-10,5.5,96.7,165.9,80.54274588,3.189189187,5.7225,44334.0,5.47,3.9,66.92166376,42561,14605.595,1.022027369,213.434,-0.6428571428571428,0.26455026455026465,-0.7885744079365915,-0.8026596498937228,-0.009923681955428254,0.4742843279961184,-0.8535787632159428,0.44468546637744044,-0.8651685393258426,0.6826279209291304,-0.745044336578355,-0.6434663404611268,0.20829938482442945,0.007131722313654443
210,2004-01-11,5.4,92.9,165.5,80.58493695,3.52303523,5.73,44334.0,5.52,4.3,66.92166376,42561,14605.595,1.022027369,212.446,-0.6607142857142856,0.19753086419753085,-0.7924011154852506,-0.8008818087537225,0.052602073427899354,0.47792333818534716,-0.8535787632159428,0.4663774403470715,-0.7752808988764044,0.6826279209291304,-0.745044336578355,-0.6434663404611268,0.20829938482442945,-0.003601166712835724
209,2004-01-12,5.4,92.6,166.3,80.28959948,3.255561587,5.752,44334.0,5.47,4.1,66.92166376,42561,14605.595,1.022027369,211.598,-0.6607142857142856,0.1922398589065255,-0.7847477003879325,-0.8133266958909676,0.0025071511594765283,0.48859776807375055,-0.8535787632159428,0.44468546637744044,-0.8202247191011236,0.6826279209291304,-0.745044336578355,-0.6434663404611268,0.20829938482442945,-0.012813201018972764
208,2005-01-01,5.3,102.7,168.6,80.45836375,2.969762425,5.71,46326.0,5.36,4.4,67.11898948,43285,14767.846,1.110882508,210.911,-0.6785714285714286,0.37037037037037046,-0.7627441319831435,-0.8062153317523448,-0.05101994274102517,0.4682193110140709,-0.702061306761999,0.3969631236442519,-0.7528089887640448,0.8488456581429884,-0.7057786696314776,-0.5921935668787194,0.21907964532058433,-0.020276252396704275
207,2005-01-02,5.4,105.1,170.4,80.92246548,3.007518794,5.6275,46326.0,5.2,4.3,67.11898948,43285,14767.846,1.110882508,210.231,-0.6607142857142856,0.41269841269841256,-0.745523948014178,-0.7866590808978552,-0.04394858292785331,0.42819019893255716,-0.702061306761999,0.32754880694143185,-0.7752808988764044,0.8488456581429884,-0.7057786696314776,-0.5921935668787194,0.21907964532058433,-0.027663261038418097
206,2005-01-03,5.2,104.4,170.0,81.55533147,3.148345783,5.928,46326.0,5.4,4.1,67.11898948,43285,14767.846,1.110882508,209.496,-0.6964285714285714,0.40035273368606705,-0.7493506555628371,-0.759991466326121,-0.01757321005699819,0.5739932071809801,-0.702061306761999,0.4143167028199568,-0.8202247191011236,0.8488456581429884,-0.7057786696314776,-0.5921935668787194,0.21907964532058433,-0.0356477483202704
205,2005-01-04,5.2,103.0,170.0,82.10381534,3.510638302,5.855,46326.0,5.33,4.3,67.11898948,43718,14839.707,0.486604478,208.947,-0.6964285714285714,0.3756613756613756,-0.7493506555628371,-0.7368795331916305,0.050280262809246024,0.5385735080058225,-0.702061306761999,0.38394793926247295,-0.7752808988764044,0.8488456581429884,-0.6822951975486076,-0.5694848453151825,0.14333974033403862,-0.04161167147365408
204,2005-01-05,5.1,97.5,168.1,82.01943321,2.802749877,5.72,46326.0,5.15,4.2,67.11898948,43718,14839.707,0.486604478,208.58,-0.7142857142857144,0.2786596119929452,-0.7675275164189672,-0.7404352150502524,-0.08229958777846613,0.4730713245997087,-0.702061306761999,0.3058568329718008,-0.797752808988764,0.8488456581429884,-0.6822951975486076,-0.5694848453151825,0.14333974033403862,-0.045598483490578934
203,2005-01-06,5.0,103.1,167.8,82.06162427,2.530311017,5.582,46326.0,4.96,4.3,67.11898948,43718,14839.707,0.486604478,207.941,-0.7321428571428572,0.3774250440917106,-0.7703975470804614,-0.7386573743316309,-0.1333244415230187,0.4061135371179039,-0.702061306761999,0.22342733188720176,-0.7752808988764044,0.8488456581429884,-0.6822951975486076,-0.5694848453151825,0.14333974033403862,-0.05254009896418943
202,2005-01-07,5.0,106.2,167.2,82.44134387,3.16789863,5.695,46326.0,5.06,4.2,67.11898948,44350,14956.291,0.78562198,207.202,-0.7321428571428572,0.4320987654320987,-0.77613760840345,-0.7226568053357632,-0.013911173156445078,0.46094129063561384,-0.702061306761999,0.26681127982646413,-0.797752808988764,0.8488456581429884,-0.6480190904900074,-0.5326432539824244,0.17961773844137907,-0.060568039238051985
201,2005-01-08,4.9,103.6,165.9,82.86325453,3.641160942,5.82,46326.0,5.09,4.5,67.11898948,44350,14956.291,0.78562198,206.712,-0.75,0.38624338624338606,-0.7885744079365915,-0.7048783956212734,0.0747257424899086,0.5215914604560894,-0.702061306761999,0.2798264642082431,-0.7303370786516853,0.8488456581429884,-0.6480190904900074,-0.5326432539824244,0.17961773844137907,-0.06589103075928704
200,2005-01-09,5.0,105.5,168.9,83.87584013,4.686677205,5.774,46326.0,5.13,4.7,67.11898948,44350,14956.291,0.78562198,206.266,-0.7321428571428572,0.41975308641975295,-0.7598741013216492,-0.6622102116322932,0.27053963778783396,0.49927219796215416,-0.702061306761999,0.297180043383948,-0.6853932584269662,0.8488456581429884,-0.6480190904900074,-0.5326432539824244,0.17961773844137907,-0.070736039368411
199,2005-01-10,5.0,87.5,171.6,84.0446044,4.347826091,6.065,46326.0,5.35,4.5,67.11898948,44850,15041.232,0.567928238,205.867,-0.7321428571428572,0.10229276895943551,-0.7340438253682011,-0.6550988474936704,0.20707648670494994,0.6404657933042215,-0.702061306761999,0.3926247288503253,-0.7303370786516853,0.8488456581429884,-0.6209019171841528,-0.5058011349146634,0.15320626383727443,-0.07507047532141664
198,2005-01-11,5.0,85.2,172.7,83.36954733,3.455497374,6.33,46326.0,5.42,5.0,67.11898948,44850,15041.232,0.567928238,205.464,-0.7321428571428572,0.06172839506172845,-0.7235203796093891,-0.6835443036267832,0.03995296300135931,0.7690441533236294,-0.702061306761999,0.42299349240780915,-0.6179775280898876,0.8488456581429884,-0.6209019171841528,-0.5058011349146634,0.15320626383727443,-0.0794483642664322
197,2005-01-12,4.9,98.3,173.5,83.0320188,3.415659485,6.272,46326.0,5.37,4.9,67.11898948,44850,15041.232,0.567928238,205.017,-0.75,0.292768959435626,-0.715866964512071,-0.6977670314826505,0.03249175699089246,0.7409024745269288,-0.702061306761999,0.4013015184381781,-0.640449438202247,0.8488456581429884,-0.6209019171841528,-0.5058011349146634,0.15320626383727443,-0.08430423612355875
196,2006-01-01,4.7,103.8,177.2,83.6648848,3.985317251,6.145,48201.0,5.29,5.3,67.26293826,45675,15244.088,1.34866612,204.366,-0.7857142857142857,0.38977072310405636,-0.6804699196869756,-0.6710994164895381,0.1391824992535733,0.6792819019893253,-0.5594432189853198,0.36659436008676805,-0.5505617977528089,0.9701012171562609,-0.5761585812294927,-0.44169681655710125,0.24792850322487037,-0.09137621057319933
195,2006-01-02,4.8,106.8,177.7,83.83364906,3.597497386,6.2525,48201.0,5.35,6.1,67.26293826,45675,15244.088,1.34866612,203.783,-0.7678571428571429,0.44268077601410916,-0.6756865352511519,-0.6639880527722937,0.06654803040115942,0.7314410480349347,-0.5594432189853198,0.3926247288503253,-0.3707865168539325,0.9701012171562609,-0.5761585812294927,-0.44169681655710125,0.24792850322487037,-0.09770948415866887
194,2006-01-03,4.7,102.7,178.3,84.29775079,3.362648733,6.324,48201.0,5.53,5.9,67.26293826,45675,15244.088,1.34866612,203.015,-0.7857142857142857,0.37037037037037046,-0.6699464739281631,-0.6444318019178039,0.02256341612318824,0.7661329451722463,-0.5594432189853198,0.47071583514099813,-0.4157303370786515,0.9701012171562609,-0.5761585812294927,-0.44169681655710125,0.24792850322487037,-0.10605245862460444
193,2006-01-04,4.7,107.5,179.0,85.01499892,3.545734833,6.5075,48201.0,5.84,6.3,67.26293826,46089,15281.525,0.245583731,202.345,-0.7857142857142857,0.4550264550264549,-0.66324973571801,-0.6142085050660689,0.05685346371463873,0.8551673944687046,-0.5594432189853198,0.6052060737527116,-0.3258426966292134,0.9701012171562609,-0.553705561732245,-0.4298663882416851,0.11409814027714371,-0.11333083478629291
192,2006-01-05,4.6,109.8,179.9,85.43690959,4.166666662,6.5975,48201.0,5.95,6.2,67.26293826,46089,15281.525,0.245583731,201.646,-0.8035714285714286,0.4955908289241622,-0.6546396437335273,-0.5964300949302008,0.17314728376682398,0.8988355167394468,-0.5594432189853198,0.6529284164859004,-0.3483146067415729,0.9701012171562609,-0.553705561732245,-0.4298663882416851,0.11409814027714371,-0.12092424514005473
191,2006-01-06,4.6,104.7,180.7,85.60567385,4.318766063,6.682,48201.0,5.89,6.3,67.26293826,46089,15281.525,0.245583731,200.876,-0.8035714285714286,0.4056437389770724,-0.6469862286362096,-0.5893187312129563,0.20163385756418561,0.9398350315380886,-0.5594432189853198,0.6268980477223427,-0.3258426966292134,0.9701012171562609,-0.553705561732245,-0.4298663882416851,0.11409814027714371,-0.12928894610199515
190,2006-01-07,4.7,105.4,182.3,85.85882025,4.145342882,6.7625,48201.0,5.85,7.3,67.26293826,46361,15304.517,0.150456188,200.038,-0.7857142857142857,0.4179894179894179,-0.6316793984415734,-0.5786516852157115,0.1691535702570075,0.9788937409024745,-0.5594432189853198,0.6095444685466378,-0.10112359550561778,0.9701012171562609,-0.5389538194538601,-0.42260070969297525,0.10255688666547402,-0.13839234792810706
189,2006-01-08,4.7,107.0,182.6,86.02758452,3.818737277,6.524,48201.0,5.68,6.7,67.26293826,46361,15304.517,0.150456188,199.184,-0.7857142857142857,0.44620811287477946,-0.6288093677800792,-0.5715403210770882,0.10798387065073212,0.8631732168850073,-0.5594432189853198,0.5357917570498916,-0.23595505617977508,0.9701012171562609,-0.5389538194538601,-0.42260070969297525,0.10255688666547402,-0.14766956172225953
188,2006-01-09,4.5,100.2,183.3,85.60567385,2.062374239,6.4025,48201.0,5.51,6.7,67.26293826,46361,15304.517,0.150456188,198.201,-0.8214285714285714,0.32627865961199287,-0.622112629569926,-0.5893187312129563,-0.22096394221373206,0.8042212518195051,-0.5594432189853198,0.46203904555314534,-0.23595505617977508,0.9701012171562609,-0.5389538194538601,-0.42260070969297525,0.10255688666547402,-0.15834813450873697
187,2006-01-10,4.4,105.9,182.3,85.14157212,1.305220874,6.3575,48201.0,5.51,7.3,67.26293826,46807,15433.643,0.843711696,197.044,-0.8392857142857142,0.42680776014109356,-0.6316793984415734,-0.608874982067446,-0.3627705835692302,0.7823871906841338,-0.5594432189853198,0.46203904555314534,-0.10112359550561778,0.9701012171562609,-0.5147653008650379,-0.38179573368911734,0.1866654148917828,-0.17091691244765272
186,2006-01-11,4.5,105.1,179.8,85.01499892,1.973684208,6.24,48201.0,5.33,6.6,67.26293826,46807,15433.643,0.843711696,195.866,-0.8214285714285714,0.41269841269841256,-0.6555963206206921,-0.6142085050660689,-0.2375746263884302,0.725376031052887,-0.5594432189853198,0.38394793926247295,-0.2584269662921348,0.9701012171562609,-0.5147653008650379,-0.38179573368911734,0.1866654148917828,-0.18371381859462166
185,2006-01-12,4.4,105.3,179.8,85.14157212,2.540650403,6.135,48201.0,5.32,6.5,67.26293826,46807,15433.643,0.843711696,194.778,-0.8392857142857142,0.41622574955908287,-0.6555963206206921,-0.608874982067446,-0.13138798628143356,0.6744298884036874,-0.5594432189853198,0.3796095444685468,-0.2808988764044942,0.9701012171562609,-0.5147653008650379,-0.38179573368911734,0.1866654148917828,-0.19553303242136388
184,2007-01-01,4.6,110.0,181.1,85.40146909,2.075642958,6.2175,50233.0,5.4,7.2,67.29843266,47289,15478.956,0.293598861,193.786,-0.8035714285714286,0.4991181657848325,-0.6431595210875505,-0.5979234815383663,-0.21847885456378147,0.7144590004852014,-0.40488324332547354,0.4143167028199568,-0.12359550561797727,1.0,-0.488624345798194,-0.36747641861962854,0.11992352769966219,-0.20630937443986397
183,2007-01-02,4.5,110.2,181.5,85.85839834,2.415198793,6.285,50233.0,5.39,7.9,67.29843266,47289,15478.956,0.293598861,192.723,-0.8214285714285714,0.5026455026455026,-0.6393328135388914,-0.5786694635976151,-0.1548837168547762,0.7472100921882581,-0.40488324332547354,0.4099783080260304,0.03370786516853963,1.0,-0.488624345798194,-0.36747641861962854,0.11992352769966219,-0.21785700706654287
182,2007-01-03,4.4,111.2,182.5,86.6401988,2.778778779,6.156,50233.0,5.3,7.9,67.29843266,47289,15478.956,0.293598861,191.499,-0.8392857142857142,0.5202821869488536,-0.629766044667244,-0.5457260701008584,-0.08678911533538769,0.6846191169335272,-0.40488324332547354,0.3709327548806942,0.03370786516853963,1.0,-0.488624345798194,-0.36747641861962854,0.11992352769966219,-0.23115362262162786
181,2007-01-04,4.5,108.2,183.7,87.20302763,2.573697274,6.18,50233.0,5.47,7.4,67.29843266,47802,15577.779,0.63843453,190.522,-0.8214285714285714,0.4673721340388006,-0.6182859220212672,-0.5220096711388915,-0.12519866453970374,0.6962639495390586,-0.40488324332547354,0.44468546637744044,-0.07865168539325817,1.0,-0.46080212598638715,-0.33624746284287355,0.16176036890009948,-0.2417670159200902
180,2007-01-05,4.4,106.3,184.0,87.7359008,2.690864196,6.262,50233.0,5.47,7.8,67.29843266,47802,15577.779,0.63843453,189.707,-0.8392857142857142,0.4338624338624337,-0.6154158913597728,-0.49955553939896624,-0.1032545664813378,0.7360504609412903,-0.40488324332547354,0.44468546637744044,0.011235955056180025,1.0,-0.46080212598638715,-0.33624746284287355,0.16176036890009948,-0.2506205630421442
179,2007-01-06,4.6,108.5,184.0,87.9059308,2.687037957,6.6575,50233.0,5.79,8.2,67.29843266,47802,15577.779,0.63843453,188.818,-0.8035714285714286,0.47266313932980597,-0.6154158913597728,-0.49239084011463286,-0.10397117968903768,0.927947598253275,-0.40488324332547354,0.5835140997830803,0.101123595505618,1.0,-0.46080212598638715,-0.33624746284287355,0.16176036890009948,-0.26027799051638456
178,2007-01-07,4.7,105.3,184.2,87.88356953,2.358230959,6.695,50233.0,5.73,8.3,67.29843266,48216,15671.605,0.602306657,188.032,-0.7857142857142857,0.41622574955908287,-0.6135025375854435,-0.4933330960410325,-0.16555317640982625,0.9461426491994178,-0.40488324332547354,0.5574837310195231,0.12359550561797783,1.0,-0.4383491064891396,-0.30659760395668545,0.15737719099395742,-0.26881650344636543
177,2007-01-08,4.6,111.9,183.9,87.72239966,1.970083374,6.572,50233.0,5.79,9.2,67.29843266,48216,15671.605,0.602306657,187.313,-0.8035714285714286,0.5326278659611994,-0.6163725682469375,-0.5001244484626355,-0.23824902367598444,0.8864628820960698,-0.40488324332547354,0.5835140997830803,0.3258426966292136,1.0,-0.4383491064891396,-0.30659760395668545,0.15737719099395742,-0.27662717876017784
176,2007-01-09,4.7,105.6,183.4,87.96415447,2.755051755,6.3825,50233.0,5.74,9.2,67.29843266,48216,15671.605,0.602306657,186.793,-0.7857142857142857,0.421516754850088,-0.6211559526827612,-0.48993741961954207,-0.09123293047025327,0.794517224648229,-0.40488324332547354,0.5618221258134493,0.3258426966292136,1.0,-0.4383491064891396,-0.30659760395668545,0.15737719099395742,-0.28227606772148817
175,2007-01-10,4.7,99.5,183.0,88.15232663,3.536174439,6.375,50233.0,5.66,8.5,67.29843266,48592,15767.146,0.609644003,185.69,-0.7857142857142857,0.31393298059964714,-0.6249826602314204,-0.482008248649222,0.05506290525469559,0.7908782144590005,-0.40488324332547354,0.5271149674620392,0.16853932584269682,1.0,-0.41795699216313686,-0.27640578966378837,0.15826738712803157,-0.29425823026826803
174,2007-01-11,4.7,95.2,183.3,88.67591776,4.306203478,6.208,50233.0,5.44,9.4,67.29843266,48592,15767.146,0.609644003,184.74,-0.7857142857142857,0.23809523809523814,-0.622112629569926,-0.45994524215393096,0.1992810211799836,0.7098495875788453,-0.40488324332547354,0.43167028199566193,0.3707865168539328,1.0,-0.41795699216313686,-0.27640578966378837,0.15826738712803157,-0.3045783158706622
173,2007-01-12,5.0,87.8,183.5,88.61642836,4.08126859,6.095,50233.0,5.49,9.6,67.29843266,48592,15767.146,0.609644003,183.751,-0.7321428571428572,0.10758377425044086,-0.6201992757955965,-0.46245199779473223,0.15715314793074397,0.6550218340611351,-0.40488324332547354,0.453362255965293,0.4157303370786518,1.0,-0.41795699216313686,-0.27640578966378837,0.15826738712803157,-0.31532206814515484
172,2008-01-01,5.0,90.6,184.3,89.05690309,4.28029405,5.758,50303.0,5.33,9.3,67.21901249,48457,15702.906,-0.407429474,182.837,-0.7321428571428572,0.15696649029982357,-0.6125458606982785,-0.4438913380123527,0.19442846536505698,0.49150897622513345,-0.3995588347151441,0.38394793926247295,0.34831460674157344,0.9331002519765732,-0.42527862895571766,-0.2967062067640457,0.034871969044336204,-0.32525107681945853
171,2008-01-02,4.9,75.0,185.7,89.31553433,4.026555418,5.9175,50303.0,5.53,9.7,67.21901249,48457,15702.906,-0.407429474,181.868,-0.75,-0.11816578483245155,-0.5991523842779722,-0.4329931726289835,0.14690596219813412,0.5688985929160604,-0.3995588347151441,0.47071583514099813,0.4382022471910114,0.9331002519765732,-0.42527862895571766,-0.2967062067640457,0.034871969044336204,-0.3357775641339006
170,2008-01-03,5.1,64.5,187.8,90.0897404,3.981456238,5.97,50303.0,5.51,10.5,67.21901249,48457,15702.906,-0.407429474,180.848,-0.7142857142857144,-0.30335097001763667,-0.5790621696475124,-0.4003697904278688,0.138459373251538,0.5943716642406598,-0.3995588347151441,0.46203904555314534,0.617977528089888,0.9331002519765732,-0.42527862895571766,-0.2967062067640457,0.034871969044336204,-0.3468580770964711
169,2008-01-04,5.0,62.3,190.9,90.63611471,3.936889777,5.9175,50303.0,5.55,10.3,67.21901249,48875,15792.773,0.572295345,180.057,-0.7321428571428572,-0.3421516754850089,-0.5494051861454055,-0.37734674962427406,0.13011255681559608,0.5688985929160604,-0.3995588347151441,0.47939262472885047,0.573033707865169,0.9331002519765732,-0.4026086720720232,-0.26830742744354763,0.1537360987078784,-0.3554509062664649
168,2008-01-05,5.4,52.7,195.8,91.3993511,4.175543041,6.036,50303.0,5.57,10.7,67.21901249,48875,15792.773,0.572295345,179.46,-0.6607142857142856,-0.5114638447971781,-0.5025280186743328,-0.34518560619540717,0.17480973361063934,0.6263949539058706,-0.3995588347151441,0.48806941431670303,0.6629213483146068,0.9331002519765732,-0.4026086720720232,-0.26830742744354763,0.1537360987078784,-0.3619362653239693
167,2008-01-06,5.6,50.4,200.4,92.32038208,5.021790043,6.32,50303.0,5.68,10.7,67.21901249,48875,15792.773,0.572295345,178.8,-0.625,-0.5520282186948854,-0.4585208818647547,-0.30637533740016565,0.3333026501821448,0.7641921397379914,-0.3995588347151441,0.5357917570498916,0.6629213483146068,0.9331002519765732,-0.4026086720720232,-0.26830742744354763,0.1537360987078784,-0.3691060090056326
166,2008-01-07,5.8,51.9,203.4,92.80515744,5.600122908,6.426,50303.0,5.67,10.5,67.21901249,48865,15709.562,-0.526892902,178.193,-0.5892857142857143,-0.525573192239859,-0.4298205752498123,-0.28594794414688984,0.4416181447202334,0.8156234837457546,-0.3995588347151441,0.5314533622559654,0.617977528089888,0.9331002519765732,-0.40315101553814026,-0.2946028509698475,0.020378188627160565,-0.37570000054316244
165,2008-01-08,6.1,56.9,206.5,92.43471987,5.371855111,6.4775,50303.0,5.64,11.3,67.21901249,48865,15709.562,-0.526892902,177.667,-0.5357142857142858,-0.43738977072310414,-0.4001635917477053,-0.3015573883195022,0.3988660536399953,0.8406113537117903,-0.3995588347151441,0.5184381778741864,0.7977528089887644,0.9331002519765732,-0.40315101553814026,-0.2946028509698475,0.020378188627160565,-0.3814140689924882
164,2008-01-09,6.1,59.8,206.3,92.30688094,4.936927429,6.0375,50303.0,5.65,10.9,67.21901249,48865,15709.562,-0.526892902,177.302,-0.5357142857142858,-0.3862433862433863,-0.40207694552203466,-0.306944246463835,0.3174087998418136,0.6271227559437165,-0.3995588347151441,0.5227765726681131,0.7078651685393262,0.9331002519765732,-0.40315101553814026,-0.2946028509698475,0.020378188627160565,-0.3853791545134082
163,2008-01-10,6.5,38.0,201.8,91.37445837,3.65518627,6.2,50303.0,6.28,11.6,67.21901249,47799,15366.607,-2.183097148,176.553,-0.4642857142857143,-0.7707231040564374,-0.4451274054444482,-0.3462345324132283,0.07735253482753413,0.7059679767103348,-0.3995588347151441,0.7960954446854669,0.8651685393258433,0.9331002519765732,-0.46096482902622227,-0.4029797119072501,-0.18055912808467933,-0.3935157272672958
162,2008-01-11,6.8,44.9,199.6,89.62437294,1.069574698,6.0875,50303.0,6.12,11.4,67.21901249,47799,15366.607,-2.183097148,175.747,-0.4107142857142857,-0.6490299823633157,-0.4661742969620728,-0.41997937642806893,-0.4069045652848454,0.651382823871907,-0.3995588347151441,0.7266811279826466,0.8202247191011243,0.9331002519765732,-0.46096482902622227,-0.4029797119072501,-0.18055912808467933,-0.402271505157327
161,2008-01-12,7.3,38.0,194.8,88.69743521,0.091412903,5.286,50303.0,5.05,11.2,67.21901249,47799,15366.607,-2.183097148,174.802,-0.3214285714285714,-0.7707231040564374,-0.5120947875459803,-0.4590385429913384,-0.590103696746429,0.26249393498301776,-0.3995588347151441,0.26247288503253796,0.7752808988764046,0.9331002519765732,-0.46096482902622227,-0.4029797119072501,-0.18055912808467933,-0.4125372745197089
160,2009-01-01,7.8,37.7,193.3,89.08348346,0.029846502,5.0475,49777.0,5.05,12.2,67.1707618,47123,15187.475,-1.165722531,173.84,-0.2321428571428571,-0.7760141093474426,-0.5264449408534515,-0.4427712982669181,-0.6016344181956508,0.14677341096555074,-0.43956796227276185,0.26247288503253796,1.0,0.8924561812958325,-0.4976272473357377,-0.459587033140178,-0.05712717449293869,-0.42298771909813326
159,2009-01-02,8.3,25.0,191.2,89.52648966,0.236191085,5.13,49777.0,5.27,10.5,67.1707618,47123,15187.475,-1.165722531,172.948,-0.14285714285714268,-1.0,-0.5465351554839113,-0.4241039677717392,-0.5629883081342751,0.18680252304706446,-0.43956796227276185,0.35791757049891526,0.617977528089888,0.8924561812958325,-0.4976272473357377,-0.459587033140178,-0.05712717449293869,-0.4326777363163813
158,2009-01-03,8.7,26.0,190.2,89.74419556,-0.383556261,5.0025,49777.0,5.5,11.0,67.1707618,47123,15187.475,-1.165722531,172.131,-0.07142857142857151,-0.982363315696649,-0.5561019243555587,-0.4149303083826599,-0.6790602873233842,0.12493934983017962,-0.43956796227276185,0.4577006507592192,0.7303370786516856,0.8924561812958325,-0.4976272473357377,-0.459587033140178,-0.05712717449293869,-0.44155300993444047
157,2009-01-04,9.0,39.2,188.1,89.96823013,-0.736885713,4.81,49777.0,5.39,10.7,67.1707618,46865,15161.772,-0.169238139,171.437,-0.017857142857142794,-0.7495590828924161,-0.5761921389860183,-0.4054899724222708,-0.7452350746204053,0.03153808830664695,-0.43956796227276185,0.4099783080260304,0.6629213483146068,0.8924561812958325,-0.5116197087615587,-0.4677094120431653,0.06377029353209451,-0.44909210404818933
156,2009-01-05,9.4,54.9,186.9,90.2281271,-1.281435793,4.8575,49777.0,5.54,9.3,67.1707618,46865,15161.772,-0.169238139,170.894,0.0535714285714286,-0.4726631393298061,-0.5876722616319952,-0.394538471893191,-0.847223418678901,0.0545851528384278,-0.43956796227276185,0.4750542299349243,0.34831460674157344,0.8924561812958325,-0.5116197087615587,-0.4677094120431653,0.06377029353209451,-0.4549908477135579
155,2009-01-06,9.5,49.3,187.1,91.00317699,-1.426776038,5.42,49777.0,5.61,8.5,67.1707618,46865,15161.772,-0.169238139,170.312,0.0714285714285714,-0.5714285714285715,-0.5857589078576658,-0.3618795329282688,-0.8744440756157361,0.32751091703056767,-0.43956796227276185,0.5054229934924082,0.16853932584269682,0.8924561812958325,-0.5116197087615587,-0.4677094120431653,0.06377029353209451,-0.46131325805102463
154,2009-01-07,9.5,46.6,187.6,90.85888354,-2.097161358,5.222,49777.0,5.41,7.9,67.1707618,46977,15216.647,0.361929991,169.812,0.0714285714285714,-0.6190476190476191,-0.5809755234218421,-0.3679597492309744,-1.0,0.2314410480349347,-0.43956796227276185,0.418655097613883,0.03370786516853963,0.8924561812958325,-0.5055454619410473,-0.4503684190734172,0.12821373341749487,-0.4667448820522848
153,2009-01-08,9.6,54.1,188.1,91.06266639,-1.48434861,5.1925,49777.0,5.26,7.5,67.1707618,46977,15216.647,0.361929991,169.138,0.08928571428571419,-0.48677248677248675,-0.5761921389860183,-0.3593727772874674,-0.8852267960617023,0.21712760795730213,-0.43956796227276185,0.3535791757049891,-0.05617977528089868,0.8924561812958325,-0.5055454619410473,-0.4503684190734172,0.12821373341749487,-0.47406671120598354
152,2009-01-09,9.8,53.1,189.3,91.11962433,-1.286205966,5.0575,49777.0,5.13,7.8,67.1707618,46977,15216.647,0.361929991,168.663,0.12500000000000022,-0.5044091710758378,-0.5647120163400412,-0.35697269193808767,-0.84811682052202,0.15162542455118877,-0.43956796227276185,0.297180043383948,0.011235955056180025,0.8924561812958325,-0.5055454619410473,-0.4503684190734172,0.12821373341749487,-0.4792267540071806
151,2009-01-10,10.0,47.7,189.7,91.20738175,-0.182848274,4.952,49777.0,5.15,7.4,67.1707618,47525,15379.155,1.06796195,168.058,0.1607142857142858,-0.599647266313933,-0.5608853087913825,-0.35327478260285883,-0.6414698507680464,0.10043668122270732,-0.43956796227276185,0.3058568329718008,-0.07865168539325817,0.8924561812958325,-0.47582503999783066,-0.39901443118224944,0.2138723517291543,-0.4857990190487056
150,2009-01-11,9.9,49.5,189.2,91.27193408,1.838295863,4.875,49777.0,5.19,7.6,67.1707618,47525,15379.155,1.06796195,167.339,0.14285714285714302,-0.5679012345679013,-0.5656686932272063,-0.3505546859578371,-0.2629314000232267,0.06307617661329457,-0.43956796227276185,0.3232104121475057,-0.033707865168539186,0.8924561812958325,-0.47582503999783066,-0.39901443118224944,0.2138723517291543,-0.49360969436251756
149,2009-01-12,9.9,52.9,189.4,91.11118612,2.721331123,4.93,49777.0,5.26,8.0,67.1707618,47525,15379.155,1.06796195,166.646,0.14285714285714302,-0.5079365079365079,-0.5637553394528766,-0.35732825999753615,-0.09754844036474442,0.08976225133430349,-0.43956796227276185,0.3535791757049891,0.056179775280899014,0.8924561812958325,-0.47582503999783066,-0.39901443118224944,0.2138723517291543,-0.5011379252282643
148,2010-01-01,9.8,55.9,190.3,91.42255619,2.625708649,5.03,49276.0,5.26,8.1,67.12843528,47797,15456.059,0.500053481,165.909,0.12500000000000022,-0.4550264550264551,-0.5551452474683938,-0.3442077935052006,-0.11545749618204693,0.1382823871906842,-0.4776755153266905,0.3535791757049891,0.07865168539325862,0.856802347733054,-0.4610732977194457,-0.3747120763149058,0.14497142711530153,-0.5091441390061217
147,2010-01-02,9.8,46.0,192.2,91.44533936,2.143331775,4.99,49276.0,5.35,8.3,67.12843528,47797,15456.059,0.500053481,165.219,0.12500000000000022,-0.6296296296296297,-0.5369683866122639,-0.34324775961827514,-0.20580147077364686,0.11887433284813209,-0.4776755153266905,0.3926247288503253,0.12359550561797783,0.856802347733054,-0.4610732977194457,-0.3747120763149058,0.14497142711530153,-0.5166397801278606
146,2010-01-03,9.9,52.5,193.7,91.82083986,2.313959457,4.9675,49276.0,5.27,7.1,67.12843528,47797,15456.059,0.500053481,164.574,0.14285714285714302,-0.5149911816578483,-0.5226182333047927,-0.3274249744414425,-0.1738447502132171,0.10795730228044653,-0.4776755153266905,0.35791757049891526,-0.146067415730337,0.856802347733054,-0.4610732977194457,-0.3747120763149058,0.14497142711530153,-0.523646575089486
145,2010-01-04,9.9,57.9,196.5,91.98032209,2.236447196,5.098,49276.0,5.29,6.2,67.12843528,48403,15605.628,0.967704639,164.04,0.14285714285714302,-0.4197530864197532,-0.4958312804641798,-0.32070473554745405,-0.18836195888504403,0.1712760795730226,-0.4776755153266905,0.36659436008676805,-0.3483146067415729,0.856802347733054,-0.42820728367274996,-0.3274469286612879,0.20170873416704582,-0.529447549522832
144,2010-01-05,9.6,63.3,198.9,92.05162499,2.020986081,4.8875,49276.0,4.96,9.3,67.12843528,48403,15605.628,0.967704639,163.666,0.08928571428571419,-0.32451499118165794,-0.47287103517222584,-0.3177001843705979,-0.22871549685137216,0.0691411935953421,-0.4776755153266905,0.22342733188720176,0.34831460674157344,0.856802347733054,-0.42820728367274996,-0.3274469286612879,0.20170873416704582,-0.5335104042757746
143,2010-01-06,9.4,52.9,197.2,91.96175802,1.053348973,4.7375,49276.0,4.88,8.3,67.12843528,48403,15605.628,0.967704639,163.4,0.0535714285714286,-0.5079365079365079,-0.48913454225402664,-0.3214869856153437,-0.4099434681969496,-0.003639010189228631,-0.4776755153266905,0.18872017353579174,0.12359550561797783,0.856802347733054,-0.42820728367274996,-0.3274469286612879,0.20170873416704582,-0.5364000282444449
142,2010-01-07,9.4,50.4,195.6,91.98116591,1.235192781,4.564,49276.0,4.72,8.9,67.12843528,48821,15726.282,0.77314415,163.093,0.0535714285714286,-0.5520282186948854,-0.5044413724486625,-0.320669178783647,-0.37588608846943017,-0.08782144590004859,-0.4776755153266905,0.11930585683297168,0.25842696629213524,0.856802347733054,-0.4055373267890555,-0.2893191807656711,0.17810387824892882,-0.5397350453812187
141,2010-01-08,9.5,53.5,194.1,92.10816102,1.148104565,4.4275,49276.0,4.49,8.8,67.12843528,48821,15726.282,0.77314415,162.53,0.0714285714285714,-0.4973544973544973,-0.5187915257561337,-0.3153178774031211,-0.3921967700083048,-0.15405143134400767,-0.4776755153266905,0.01952277657266821,0.23595505617977564,0.856802347733054,-0.4055373267890555,-0.2893191807656711,0.17810387824892882,-0.5458510540066375
140,2010-01-09,9.5,48.5,193.9,92.16174367,1.143682656,4.346,49276.0,4.53,7.6,67.12843528,48821,15726.282,0.77314415,161.948,0.0714285714285714,-0.5855379188712522,-0.5207048795304631,-0.3130600195303471,-0.39302494576853475,-0.19359534206695783,-0.4776755153266905,0.036876355748373335,-0.033707865168539186,0.856802347733054,-0.4055373267890555,-0.2893191807656711,0.17810387824892882,-0.5521734643441043
139,2010-01-10,9.4,50.2,193.8,92.27650337,1.172187601,4.225,49276.0,4.68,8.2,67.12843528,49256,15807.995,0.519595159,160.997,0.0535714285714286,-0.5555555555555556,-0.5216615564176278,-0.3082242920677801,-0.38768627767389696,-0.25230470645317826,-0.4776755153266905,0.10195227765726678,0.101123595505618,0.856802347733054,-0.381945386012962,-0.2634971386966587,0.14734230157166772,-0.562504413194501
138,2010-01-11,9.8,54.1,193.6,92.31531915,1.143160908,4.3,49276.0,4.87,8.2,67.12843528,49256,15807.995,0.519595159,160.075,0.12500000000000022,-0.48677248677248675,-0.5235749101919573,-0.30658867840438664,-0.3931226635294721,-0.21591460456089295,-0.4776755153266905,0.18438177874186557,0.101123595505618,0.856802347733054,-0.381945386012962,-0.2634971386966587,0.14734230157166772,-0.5725203278528249
137,2010-01-12,9.3,52.5,194.2,92.47395756,1.49572352,4.714,49276.0,5.02,7.0,67.12843528,49256,15807.995,0.519595159,159.247,0.03571428571428581,-0.5149911816578483,-0.517834848868969,-0.2999039962742046,-0.3270914970758413,-0.015041242115477749,-0.4776755153266905,0.24945770065075923,-0.16853932584269649,0.856802347733054,-0.381945386012962,-0.2634971386966587,0.14734230157166772,-0.5815150971989115
136,2011-01-01,9.1,60.6,195.9,92.9144323,1.631846857,4.755,50054.0,5.04,7.3,67.09465577,49302,15769.911,-0.240916068,158.234,0.0,-0.3721340388007055,-0.5015713417871681,-0.2813433360704467,-0.3015970673838163,0.004852013585638026,-0.4184985167718871,0.2581344902386118,-0.10112359550561778,0.8283481061045759,-0.3794506060688234,-0.27553202482440176,0.055074040786995626,-0.5925195674254645
135,2011-01-02,9.0,70.4,198.1,93.37262728,2.107584633,4.9525,50054.0,5.22,8.1,67.09465577,49302,15769.911,-0.240916068,156.973,-0.017857142857142794,-0.1992945326278659,-0.48052445026954393,-0.26203598298398445,-0.21249652408702413,0.10067928190198905,-0.4184985167718871,0.3362255965292842,0.07865168539325862,0.8283481061045759,-0.3794506060688234,-0.27553202482440176,0.055074040786995626,-0.6062181231566426
134,2011-01-03,9.0,63.4,199.7,94.28311049,2.681603255,4.836,50054.0,5.13,7.2,67.09465577,49302,15769.911,-0.240916068,155.606,-0.017857142857142794,-0.3227513227513228,-0.4652176200749081,-0.22367017457908778,-0.1049890406311047,0.04415332362930635,-0.4184985167718871,0.297180043383948,-0.12359550561797727,0.8283481061045759,-0.3794506060688234,-0.27553202482440176,0.055074040786995626,-0.621068183176088
133,2011-01-04,9.1,65.4,201.1,94.89023994,3.163630855,4.84,50054.0,5.16,6.7,67.09465577,49873,15876.839,0.678050751,154.194,0.0,-0.28747795414462074,-0.45182414365460155,-0.198087042567603,-0.014710481284476606,0.04609412906356125,-0.4184985167718871,0.31019522776572694,-0.23595505617977508,0.8283481061045759,-0.34848279415353745,-0.24174181623635205,0.16656676712376628,-0.6364070893556466
132,2011-01-05,9.0,60.8,201.6,95.33662142,3.568645779,4.6375,50054.0,4.96,6.6,67.09465577,49873,15876.839,0.678050751,152.854,-0.017857142857142794,-0.3686067019400353,-0.44704075921877784,-0.1792774850171961,0.061144436260917034,-0.052159146045608895,-0.4184985167718871,0.22342733188720176,-0.2584269662921348,0.8283481061045759,-0.34848279415353745,-0.24174181623635205,0.16656676712376628,-0.6509638416790235
131,2011-01-06,9.1,58.5,201.9,95.23451904,3.558828246,4.51,50054.0,4.99,6.6,67.09465577,49873,15876.839,0.678050751,151.521,0.0,-0.4091710758377425,-0.44417072855728357,-0.18357986017990136,0.05930571844563426,-0.11402231926249407,-0.4184985167718871,0.23644251626898072,-0.2584269662921348,0.8283481061045759,-0.34848279415353745,-0.24174181623635205,0.16656676712376628,-0.6654445512663834
130,2011-01-07,9.0,59.5,202.6,95.31890118,3.628715984,4.545,50054.0,4.93,6.7,67.09465577,50056,15870.684,-0.038767163,149.965,-0.017857142857142794,-0.3915343915343915,-0.4374739903471304,-0.18002417789990044,0.0723949363714016,-0.09704027171276086,-0.4184985167718871,0.21041214750542303,-0.23595505617977508,0.8283481061045759,-0.3385579087235947,-0.24368685152981562,0.0795995536547709,-0.6823477651583048
129,2011-01-08,9.0,44.5,202.8,95.58175152,3.771208177,4.27,50054.0,4.37,6.5,67.09465577,50056,15870.684,-0.038767163,147.784,-0.017857142857142794,-0.656084656084656,-0.43556063657280075,-0.16894822869749626,0.09908218395262236,-0.23047064531780714,-0.4184985167718871,-0.03253796095444672,-0.2808988764044942,0.8283481061045759,-0.3385579087235947,-0.24368685152981562,0.0795995536547709,-0.7060405090518016
128,2011-01-09,9.0,45.4,202.7,95.72688879,3.868356845,4.106,50054.0,4.09,6.3,67.09465577,50056,15870.684,-0.038767163,146.835,-0.017857142857142794,-0.6402116402116402,-0.4365173134599657,-0.16283245563098347,0.1172770794098199,-0.3100436681222709,-0.4184985167718871,-0.15401301518438182,-0.3258426966292134,0.8283481061045759,-0.3385579087235947,-0.24368685152981562,0.0795995536547709,-0.7163497314061931
127,2011-01-10,8.8,39.8,202.7,95.5294346,3.525199928,4.0675,50054.0,3.98,6.0,67.09465577,50573,16048.702,1.121678183,145.501,-0.05357142857142838,-0.7389770723104057,-0.4365173134599657,-0.1711527514245591,0.05300749796554083,-0.3287239204269773,-0.4184985167718871,-0.20173535791757047,-0.393258426966292,0.8283481061045759,-0.31051875152534103,-0.18743156430451036,0.22038941974715764,-0.7308413042415551
126,2011-01-11,8.6,56.0,202.2,95.44884966,3.394377595,3.9925,50054.0,3.87,5.7,67.09465577,50573,16048.702,1.121678183,144.585,-0.0892857142857143,-0.45326278659611996,-0.4413006978957894,-0.17454842784605007,0.028505889025295827,-0.3651140223192625,-0.4184985167718871,-0.24945770065075912,-0.4606741573033706,0.8283481061045759,-0.31051875152534103,-0.18743156430451036,0.22038941974715764,-0.7407920394118637
125,2011-01-12,8.5,64.5,202.2,95.21342351,2.96241885,3.958,50054.0,3.93,5.3,67.09465577,50573,16048.702,1.121678183,143.6,-0.1071428571428571,-0.30335097001763667,-0.4413006978957894,-0.18446878053921212,-0.05239531496339156,-0.38185346918971375,-0.4184985167718871,-0.22342733188720165,-0.5505617977528089,0.8283481061045759,-0.31051875152534103,-0.18743156430451036,0.22038941974715764,-0.7514923386943464
124,2012-01-01,8.3,61.1,203.9,95.6323808,2.92521671,3.915,51017.0,3.85,5.3,66.78334217,51205,16179.968,0.817922845,142.907,-0.14285714285714268,-0.36331569664902996,-0.4250371908139886,-0.16681481949804677,-0.05936287367540627,-0.4027171276079573,-0.34524986688978476,-0.2581344902386117,-0.5505617977528089,0.5661124373032542,-0.27624264446674074,-0.14595032907595484,0.18353660844563535,-0.7590205695600927
123,2012-01-02,8.3,70.8,205.1,96.05344764,2.871098777,3.89,51017.0,3.85,4.8,66.78334217,51205,16179.968,0.817922845,142.277,-0.14285714285714268,-0.19223985890652562,-0.41355706816801185,-0.14907196654736454,-0.06949857757712763,-0.41484716157205237,-0.34524986688978476,-0.2581344902386117,-0.6629213483146067,0.5661124373032542,-0.27624264446674074,-0.14595032907595484,0.18353660844563535,-0.7658644158016807
122,2012-01-03,8.2,70.2,205.7,96.78293118,2.651398195,3.954,51017.0,3.99,4.9,66.78334217,51205,16179.968,0.817922845,141.667,-0.1607142857142858,-0.2028218694885362,-0.4078170068450234,-0.1183330957776707,-0.11064612188906264,-0.38379427462396887,-0.34524986688978476,-0.19739696312364408,-0.640449438202247,0.5661124373032542,-0.27624264446674074,-0.14595032907595484,0.18353660844563535,-0.772490997083218
121,2012-01-04,8.2,69.2,206.3,97.07531527,2.302739809,3.91,51017.0,3.96,4.9,66.78334217,51554,16253.726,0.455859987,141.029,-0.1607142857142858,-0.22045855379188717,-0.40207694552203466,-0.10601265773512836,-0.17594606901283827,-0.4051431344007763,-0.34524986688978476,-0.21041214750542292,-0.640449438202247,0.5661124373032542,-0.2573148574992543,-0.12264213847071237,0.1396096958421642,-0.779421749308826
120,2012-01-05,8.2,64.9,206.5,96.96139939,1.704253776,3.798,51017.0,3.8,4.7,66.78334217,51554,16253.726,0.455859987,140.156,-0.1607142857142858,-0.2962962962962963,-0.4001635917477053,-0.11081282843388895,-0.2880360340860384,-0.4594856865599224,-0.34524986688978476,-0.279826464208243,-0.6853932584269662,0.5661124373032542,-0.2573148574992543,-0.12264213847071237,0.1396096958421642,-0.788905364815026
119,2012-01-06,8.2,62.0,206.6,96.8192155,1.663993766,3.675,51017.0,3.64,4.8,66.78334217,51554,16253.726,0.455859987,139.155,-0.1607142857142858,-0.34744268077601415,-0.3992069148605406,-0.1168041524056983,-0.2955762987971895,-0.5191654536632704,-0.34524986688978476,-0.3492407809110628,-0.6629213483146067,0.5661124373032542,-0.2573148574992543,-0.12264213847071237,0.1396096958421642,-0.7997794760655489
118,2012-01-07,8.2,65.9,206.2,96.66142091,1.408450699,3.55,51017.0,3.4,4.6,66.78334217,51803,16282.151,0.174882978,137.903,-0.1607142857142858,-0.2786596119929453,-0.4030336224091997,-0.12345327777207271,-0.34343675313585964,-0.5798156234837459,-0.34524986688978476,-0.4533622559652929,-0.7078651685393258,0.5661124373032542,-0.24381050519293868,-0.11365958311462887,0.10552044242880321,-0.8133802625647044
117,2012-01-08,8.1,60.6,205.5,97.19935701,1.692378999,3.602,51017.0,3.48,4.6,66.78334217,51803,16282.151,0.174882978,136.529,-0.1785714285714286,-0.3721340388007055,-0.40973036061935275,-0.100785805027927,-0.29026005146621014,-0.554585152838428,-0.34524986688978476,-0.41865509761388287,-0.7078651685393258,0.5661124373032542,-0.24381050519293868,-0.11365958311462887,0.10552044242880321,-0.8283063653201672
116,2012-01-09,7.8,70.3,206.6,97.63308117,1.991282078,3.4975,51017.0,3.49,4.5,66.78334217,51803,16282.151,0.174882978,136.607,-0.2321428571428571,-0.20105820105820116,-0.3992069148605406,-0.08250959977738248,-0.2342787355490482,-0.6052886948083456,-0.34524986688978476,-0.4143167028199565,-0.7303370786516853,0.5661124373032542,-0.24381050519293868,-0.11365958311462887,0.10552044242880321,-0.8274590319759706
115,2012-01-10,7.8,72.2,205.5,97.59510921,2.162343595,3.3825,51017.0,3.47,4.9,66.78334217,52015,16300.035,0.109838067,136.676,-0.2321428571428571,-0.16754850088183426,-0.40973036061935275,-0.0841096566769689,-0.20224076238234845,-0.6610868510431831,-0.34524986688978476,-0.42299349240780904,-0.640449438202247,0.5661124373032542,-0.2323128237112564,-0.10800807845365445,0.09762893393058114,-0.8267094678637967
114,2012-01-11,7.7,73.7,205.6,97.13269512,1.764133843,3.352,51017.0,3.5,4.6,66.78334217,52015,16300.035,0.109838067,137.154,-0.2499999999999999,-0.14109347442680775,-0.40877368373218803,-0.10359479400384519,-0.27682114476779285,-0.6758854924793791,-0.34524986688978476,-0.4099783080260303,-0.7078651685393258,0.5661124373032542,-0.2323128237112564,-0.10800807845365445,0.09762893393058114,-0.821516835318592
113,2012-01-12,7.9,65.1,206.4,96.87111051,1.741022367,3.345,51017.0,3.65,4.5,66.78334217,52015,16300.035,0.109838067,137.954,-0.2142857142857142,-0.2927689594356262,-0.40112026863487005,-0.11461740806053888,-0.281149674415585,-0.6792819019893255,-0.34524986688978476,-0.34490238611713664,-0.7303370786516853,0.5661124373032542,-0.2323128237112564,-0.10800807845365445,0.09762893393058114,-0.8128262369165757
112,2013-01-01,8.0,58.6,208.4,97.15758785,1.594864665,3.414,53585.0,3.8,4.0,66.55061801,52591,16441.485,0.867789548,138.667,-0.1964285714285714,-0.40740740740740744,-0.3819867308915751,-0.10254586778602393,-0.308523432212802,-0.6458030082484231,-0.14992013387084502,-0.279826464208243,-0.8426966292134831,0.3700767493544279,-0.20107384006291185,-0.06330860773710068,0.1895866361027232,-0.8050807410907788
111,2013-01-02,7.7,69.6,209.1,97.95331137,1.977923517,3.5325,53585.0,3.9,4.1,66.55061801,52591,16441.485,0.867789548,139.306,-0.2499999999999999,-0.2134038800705469,-0.37528999268142205,-0.0690157864223161,-0.23678064963451573,-0.5883066472586123,-0.14992013387084502,-0.2364425162689805,-0.8202247191011236,0.3700767493544279,-0.20107384006291185,-0.06330860773710068,0.1895866361027232,-0.7981391256171682
110,2013-01-03,7.5,59.7,209.8,98.20941114,1.473896216,3.565,53585.0,3.93,4.2,66.55061801,52591,16441.485,0.867789548,139.727,-0.2857142857142857,-0.3880070546737213,-0.36859325447126867,-0.05822429175174615,-0.3311795151883745,-0.5725376031052888,-0.14992013387084502,-0.22342733188720165,-0.797752808988764,0.3700767493544279,-0.20107384006291185,-0.06330860773710068,0.1895866361027232,-0.7935656982081073
109,2013-01-04,7.6,68.1,210.7,98.10730876,1.063085386,3.445,53585.0,3.73,4.4,66.55061801,52724,16464.402,0.13938522,139.86,-0.2678571428571429,-0.2398589065255733,-0.3599831624867862,-0.06252666691445141,-0.4081199432808582,-0.6307617661329453,-0.14992013387084502,-0.3101952277657266,-0.7528089887640448,0.3700767493544279,-0.1938606719635545,-0.05606662986215438,0.10121371259217038,-0.792120886223772
108,2013-01-05,7.5,76.2,209.5,98.28197977,1.361965059,3.536,53585.0,3.89,4.6,66.55061801,52724,16464.402,0.13938522,139.904,-0.2857142857142857,-0.09700176366843039,-0.37146328513276294,-0.055166405429178944,-0.35214301105450585,-0.5866084425036391,-0.14992013387084502,-0.24078091106290667,-0.7078651685393258,0.3700767493544279,-0.1938606719635545,-0.05606662986215438,0.10121371259217038,-0.7916429033116612
107,2013-01-06,7.5,81.4,208.8,98.51782784,1.75441655,4.07,53585.0,4.27,4.1,66.55061801,52724,16464.402,0.13938522,140.011,-0.2857142857142857,-0.005291005291005235,-0.3781600233429161,-0.04522827393273521,-0.2786410887145483,-0.32751091703056756,-0.14992013387084502,-0.07592190889370942,-0.8202247191011236,0.3700767493544279,-0.1938606719635545,-0.05606662986215438,0.10121371259217038,-0.7904805357753916
106,2013-01-07,7.3,80.3,208.3,98.55664362,1.960681616,4.37,53585.0,4.34,5.5,66.55061801,53281,16594.743,0.791653411,139.987,-0.3214285714285714,-0.024691358024691468,-0.3829434077787398,-0.043592660269341055,-0.2400098713277906,-0.18195050946142655,-0.14992013387084502,-0.045553145336225564,-0.5056179775280898,0.3700767493544279,-0.16365214090083247,-0.014877702943339788,0.18034949574969406,-0.7907412537274521
105,2013-01-08,7.2,81.5,208.9,98.67520051,1.518367554,4.456,53585.0,4.54,5.5,66.55061801,53281,16594.743,0.791653411,140.356,-0.3392857142857142,-0.003527336860670194,-0.3772033464557514,-0.038596927369642486,-0.32285051426216826,-0.1402231926249392,-0.14992013387084502,0.041214750542299505,-0.5056179775280898,0.3700767493544279,-0.16365214090083247,-0.014877702943339788,0.18034949574969406,-0.7867327152145221
104,2013-01-09,7.2,79.7,208.9,98.78996021,1.184925259,4.49,53585.0,4.64,5.4,66.55061801,53281,16594.743,0.791653411,141.526,-0.3392857142857142,-0.03527336860670194,-0.3772033464557514,-0.033761199907074824,-0.38530065200912167,-0.12372634643377001,-0.14992013387084502,0.08459869848156187,-0.5280898876404492,0.3700767493544279,-0.16365214090083247,-0.014877702943339788,0.18034949574969406,-0.7740227150515733
103,2013-01-10,7.2,71.2,209.3,98.53554808,0.963612703,4.192,53585.0,4.53,4.9,66.55061801,53866,16712.76,0.711171002,142.061,-0.3392857142857142,-0.18518518518518523,-0.3733766389070924,-0.04448158105003075,-0.42675010162777405,-0.26831635128578357,-0.14992013387084502,0.036876355748373335,-0.640449438202247,0.3700767493544279,-0.13192504813298267,0.022416729262778823,0.17058504831150967,-0.768210877370225
102,2013-01-11,6.9,70.4,209.8,98.3342967,1.237072212,4.255,53585.0,4.63,5.0,66.55061801,53866,16712.76,0.711171002,142.169,-0.3928571428571428,-0.1992945326278659,-0.36859325447126867,-0.05296188228073784,-0.3755340913574985,-0.23774866569626407,-0.14992013387084502,0.0802603036876357,-0.6179775280898876,0.3700767493544279,-0.13192504813298267,0.022416729262778823,0.17058504831150967,-0.7670376465859527
101,2013-01-12,6.7,78.1,209.8,98.32585848,1.501735618,4.4575,53585.0,4.62,5.2,66.55061801,53866,16712.76,0.711171002,142.525,-0.4285714285714285,-0.0634920634920636,-0.36859325447126867,-0.05331745076156513,-0.32596549610392445,-0.13949539058709393,-0.14992013387084502,0.07592190889370953,-0.5730337078651684,0.3700767493544279,-0.13192504813298267,0.022416729262778823,0.17058504831150967,-0.7631703302970555
100,2014-01-01,6.6,80.7,211.7,98.69165503,1.578947372,4.432,53657.0,4.49,5.1,66.31769921,53804,16654.247,-0.350109737,143.015,-0.4464285714285715,-0.01763668430335097,-0.35041639361513877,-0.037903569211269694,-0.31150456914508173,-0.1518680252304705,-0.14444359930022055,0.01952277657266821,-0.595505617977528,0.17387710599031392,-0.13528757762290855,0.003926095611045843,0.04182622856590523,-0.7578473387758208
99,2014-01-02,6.7,78.1,212.7,99.05660775,1.126349242,4.3025,53657.0,4.45,5.3,66.31769921,53804,16654.247,-0.350109737,143.912,-0.4285714285714285,-0.0634920634920636,-0.34084962474349123,-0.022525244846160808,-0.3962713068575652,-0.21470160116448322,-0.14444359930022055,0.002169197396963307,-0.5505617977528089,0.17387710599031392,-0.13528757762290855,0.003926095611045843,0.04182622856590523,-0.7481030053175599
98,2014-01-03,6.7,82.3,213.4,99.69453668,1.512202876,4.3425,53657.0,4.38,5.6,66.31769921,53804,16654.247,-0.350109737,144.988,-0.4285714285714285,0.01058201058201047,-0.33415288653333786,0.004355711151172725,-0.3240050918188805,-0.195293546821931,-0.14444359930022055,-0.02819956616052055,-0.4831460674157303,0.17387710599031392,-0.13528757762290855,0.003926095611045843,0.04182622856590523,-0.7364141504668482
97,2014-01-04,6.2,82.3,213.6,100.0232051,1.952857911,4.3375,53657.0,4.24,5.7,66.31769921,54703,16868.109,1.284128907,145.717,-0.5178571428571428,0.01058201058201047,-0.3322395327590085,0.018205092987066296,-0.24147516670953428,-0.19771955361475002,-0.14444359930022055,-0.08893709327548793,-0.4606741573033706,0.17387710599031392,-0.086530900018982,0.07150840884104648,0.240098590676584,-0.7284948426730107
96,2014-01-05,6.3,83.0,214.3,100.3725471,2.127111537,4.192,53657.0,4.16,5.2,66.31769921,54703,16868.109,1.284128907,146.391,-0.5,0.022927689594356204,-0.32554279454885515,0.03292561511485359,-0.20883934602995868,-0.26831635128578357,-0.14444359930022055,-0.12364425162689796,-0.5730337078651684,0.17387710599031392,-0.086530900018982,0.07150840884104648,0.240098590676584,-0.7211730135193124
95,2014-01-06,6.1,85.2,214.5,100.5594535,2.072341326,4.1625,53657.0,4.25,5.7,66.31769921,54703,16868.109,1.284128907,146.401,-0.5357142857142858,0.06172839506172845,-0.3236294407745258,0.04080144967532706,-0.21909721455074638,-0.28262979136341604,-0.14444359930022055,-0.08459869848156176,-0.4606741573033706,0.17387710599031392,-0.086530900018982,0.07150840884104648,0.240098590676584,-0.7210643810392869
94,2014-01-07,6.2,90.9,214.8,100.5202158,1.992328582,4.13,53657.0,4.16,6.2,66.31769921,55462,17064.616,1.164961644,145.86,-0.5178571428571428,0.16225749559082892,-0.32075941011303144,0.03914805720865133,-0.23408273666128654,-0.2983988355167395,-0.14444359930022055,-0.12364425162689796,-0.3483146067415729,0.17387710599031392,-0.04536703094069472,0.1336063861623462,0.2256407421805755,-0.7269413982086503
93,2014-01-08,6.1,92.4,215.5,100.3522954,1.699611332,4.115,53657.0,4.08,5.4,66.31769921,55462,17064.616,1.164961644,145.632,-0.5357142857142858,0.18871252204585542,-0.3140626719028783,0.032072251940727936,-0.28890551366805284,-0.30567685589519644,-0.14444359930022055,-0.158351409978308,-0.5280898876404492,0.17387710599031392,-0.04536703094069472,0.1336063861623462,0.2256407421805755,-0.729418218753225
92,2014-01-09,5.9,86.0,215.7,100.4278174,1.657918666,4.1625,53657.0,4.11,5.4,66.31769921,55462,17064.616,1.164961644,147.395,-0.5714285714285714,0.07583774250440922,-0.31214931812854896,0.0352545869366192,-0.2967140993627311,-0.28262979136341604,-0.14444359930022055,-0.14533622559652914,-0.5280898876404492,0.17387710599031392,-0.04536703094069472,0.1336063861623462,0.2256407421805755,-0.7102663125247818
91,2014-01-10,5.7,94.5,215.9,100.1755148,1.664340182,4.036,53657.0,3.92,5.3,66.31769921,55683,17141.235,0.448993402,147.929,-0.6071428571428571,0.2257495590828924,-0.3102359643542193,0.02462309686042441,-0.295511418824726,-0.3440077632217373,-0.14444359930022055,-0.22776572668112793,-0.5505617977528089,0.17387710599031392,-0.03338124033950696,0.15781867846939157,0.1387766143135989,-0.7044653380914361
90,2014-01-11,5.8,88.7,215.8,99.63462536,1.322355174,3.9975,53657.0,3.92,5.7,66.31769921,55683,17141.235,0.448993402,148.133,-0.5892857142857143,0.1234567901234569,-0.311192641241384,0.0018311767070895435,-0.3595615143802191,-0.3626880155264435,-0.14444359930022055,-0.22776572668112793,-0.4606741573033706,0.17387710599031392,-0.03338124033950696,0.15781867846939157,0.1387766143135989,-0.7022492354989218
89,2014-01-12,5.6,92.6,215.5,99.06968698,0.756493268,3.864,53657.0,3.79,5.1,66.31769921,55683,17141.235,0.448993402,147.848,-0.625,0.1922398589065255,-0.3140626719028783,-0.021974114164394876,-0.46554133309353984,-0.42746239689471144,-0.14444359930022055,-0.28416485900216915,-0.595505617977528,0.17387710599031392,-0.03338124033950696,0.15781867846939157,0.1387766143135989,-0.70534526117964
88,2015-01-01,5.7,102.9,215.8,98.6034757,-0.089348314,3.67,56516.0,3.46,4.8,66.11387763,56018,17280.647,0.813313626,148.023,-0.6071428571428571,0.37389770723104054,-0.311192641241384,-0.04161925692840207,-0.6239583188811434,-0.5215914604560894,0.07302046094165959,-0.4273318872017353,-0.6629213483146067,0.0021875673789584216,-0.015212734224584468,0.20187412287756534,0.18297739957980008,-0.7034441927791992
87,2015-01-02,5.5,96.4,215.3,99.03171502,-0.025129803,3.71,56516.0,3.61,4.5,66.11387763,56018,17280.647,0.813313626,148.276,-0.6428571428571428,0.2592592592592593,-0.31597602567720773,-0.023574171063981963,-0.6119308858950123,-0.5021834061135372,0.07302046094165959,-0.36225596529284165,-0.7303370786516853,0.0021875673789584216,-0.015212734224584468,0.20187412287756534,0.18297739957980008,-0.7006957910345615
86,2015-01-03,5.4,101.3,215.0,99.62112422,-0.073637395,3.77,56516.0,3.64,5.1,66.11387763,56018,17280.647,0.813313626,148.409,-0.6607142857142856,0.345679012345679,-0.318846056338702,0.0012622676434201896,-0.6210158335684112,-0.4730713245997089,0.07302046094165959,-0.3492407809110628,-0.595505617977528,0.0021875673789584216,-0.015212734224584468,0.20187412287756534,0.18297739957980008,-0.6992509790502264
85,2015-01-04,5.4,95.2,214.5,99.82364134,-0.199517462,3.672,56516.0,3.52,4.9,66.11387763,56547,17380.875,0.580001432,148.09,-0.6607142857142856,0.23809523809523814,-0.3236294407745258,0.009795904441216141,-0.6445918095067538,-0.5206210577389616,0.07302046094165959,-0.40130151843817785,-0.640449438202247,0.0021875673789584216,0.01347723513300969,0.23354707127614205,0.1546710319734268,-0.7027163551630302
84,2015-01-05,5.6,95.4,213.7,100.3324656,-0.039932732,3.84,56516.0,3.98,5.0,66.11387763,56547,17380.875,0.580001432,147.696,-0.625,0.24162257495590822,-0.3312828558718438,0.03123666672712777,-0.6147033144950145,-0.4391072295002427,0.07302046094165959,-0.20173535791757047,-0.6179775280898876,0.0021875673789584216,0.01347723513300969,0.23354707127614205,0.1546710319734268,-0.7069964748760234
83,2015-01-06,5.3,101.4,213.7,100.6839172,0.123771257,3.9825,56516.0,4.19,5.4,66.11387763,56547,17380.875,0.580001432,147.949,-0.6785714285714286,0.34744268077601403,-0.3312828558718438,0.0460460828713245,-0.5840433267967661,-0.3699660359049006,0.07302046094165959,-0.11062906724511912,-0.5280898876404492,0.0021875673789584216,0.01347723513300969,0.23354707127614205,0.1546710319734268,-0.7042480731313855
82,2015-01-07,5.2,90.9,213.7,100.6906678,0.169569871,4.046,56516.0,4.15,5.2,66.11387763,56779,17437.08,0.323372673,148.659,-0.6964285714285714,0.16225749559082892,-0.3312828558718438,0.046330538667294974,-0.5754657414220026,-0.33915574963609896,0.07302046094165959,-0.12798264642082413,-0.5730337078651684,0.0021875673789584216,0.02605960354692627,0.2513083561939502,0.1235358055367779,-0.6965351670495963
81,2015-01-08,5.1,101.5,213.3,100.548062,0.195079344,3.905,56516.0,4.04,5.0,66.11387763,56779,17437.08,0.323372673,150.012,-0.7142857142857144,0.3492063492063491,-0.3351095634205026,0.040321436313582204,-0.5706880928555478,-0.40756914119359555,0.07302046094165959,-0.175704989154013,-0.6179775280898876,0.0021875673789584216,0.02605960354692627,0.2513083561939502,0.1235358055367779,-0.6818371925021863
80,2015-01-09,5.0,103.0,212.5,100.3915331,-0.036129731,3.89,56516.0,4.07,5.9,66.11387763,56779,17437.08,0.323372673,151.504,-0.7321428571428572,0.3756613756613756,-0.34276297851782067,0.03372564440740389,-0.61399105351354,-0.41484716157205237,0.07302046094165959,-0.16268980477223405,-0.4157303370786515,0.0021875673789584216,0.02605960354692627,0.2513083561939502,0.1235358055367779,-0.6656292264824262
79,2015-01-10,5.0,97.6,212.4,100.3463887,0.170574516,3.796,56516.0,3.95,5.6,66.11387763,56736,17462.579,0.146234347,153.618,-0.7321428571428572,0.28042328042328024,-0.3437196554049854,0.03182335627959332,-0.5752775822724959,-0.4604560892770502,0.07302046094165959,-0.2147505422993491,-0.4831460674157303,0.0021875673789584216,0.023727526642622676,0.25936626926430306,0.10204467604641976,-0.6426643202050983
78,2015-01-11,5.1,90.4,211.7,100.1345895,0.501797581,3.9425,56516.0,4.06,5.5,66.11387763,56736,17462.579,0.146234347,156.142,-0.7142857142857144,0.1534391534391535,-0.35041639361513877,0.022898592551648722,-0.5132430823173595,-0.38937409024745284,0.07302046094165959,-0.16702819956616066,-0.5056179775280898,0.0021875673789584216,0.023727526642622676,0.25936626926430306,0.10204467604641976,-0.615245482246737
77,2015-01-12,5.0,96.5,210.9,99.79241995,0.729519788,3.964,56516.0,3.97,5.1,66.11387763,56736,17462.579,0.146234347,158.329,-0.7321428571428572,0.26102292768959434,-0.3580698087124565,0.008480302073464063,-0.4705931743469557,-0.37894226103833095,0.07302046094165959,-0.20607375271149664,-0.595505617977528,0.0021875673789584216,0.023727526642622676,0.25936626926430306,0.10204467604641976,-0.5914875588652251
76,2016-01-01,4.8,98.1,211.4,99.95738702,1.373086811,3.8725,59039.0,4.0,5.6,65.88071495,56923,17565.465,0.589179869,160.309,-0.7678571428571429,0.28924162257495567,-0.3532864242766328,0.015431660353576904,-0.3500600271175477,-0.423338185346919,0.264927359853959,-0.1930585683297179,-0.4831460674157303,-0.1942175088185134,0.03386934945901232,0.29187916954103166,0.15578459662394817,-0.569978327820235
75,2016-01-02,4.9,92.2,211.3,100.0396596,1.017799782,3.66,59039.0,3.96,5.5,65.88071495,56923,17565.465,0.589179869,161.989,-0.75,0.18518518518518512,-0.35424310116379754,0.018898450302681224,-0.41660144742763705,-0.5264434740417273,0.264927359853959,-0.21041214750542292,-0.5056179775280898,-0.1942175088185134,0.03386934945901232,0.29187916954103166,0.15578459662394817,-0.551728071176001
74,2016-01-03,5.0,96.2,211.6,100.4704304,0.852536233,3.694,59039.0,3.82,5.5,65.88071495,56923,17565.465,0.589179869,163.567,-0.7321428571428572,0.255731922398589,-0.3513730705023034,0.03705020730128017,-0.4475535238569346,-0.509946627850558,0.264927359853959,-0.2711496746203905,-0.5056179775280898,-0.1942175088185134,0.03386934945901232,0.29187916954103166,0.15578459662394817,-0.534585865828024
73,2016-01-04,5.1,94.2,212.7,100.9467675,1.12511039,3.605,59039.0,3.62,5.0,65.88071495,57396,17618.581,0.302388807,165.017,-0.7142857142857144,0.22045855379188706,-0.34084962474349123,0.05712203038821517,-0.3965033304466785,-0.5531295487627366,0.264927359853959,-0.35791757049891537,-0.6179775280898876,-0.1942175088185134,0.05952219540635095,0.30866430270879675,0.12098995906979515,-0.5188341562243697
72,2016-01-05,4.8,92.6,213.7,101.3551771,1.019322603,3.6,59039.0,3.65,5.1,65.88071495,57396,17618.581,0.302388807,166.658,-0.7678571428571429,0.1922398589065255,-0.3312828558718438,0.07433153441006346,-0.41631623951418406,-0.5555555555555556,0.264927359853959,-0.34490238611713664,-0.595505617977528,-0.1942175088185134,0.05952219540635095,0.30866430270879675,0.12098995906979515,-0.501007566252234
71,2016-01-06,4.9,98.0,214.6,101.6880646,0.997326512,3.568,59039.0,3.5,5.3,65.88071495,57396,17618.581,0.302388807,168.337,-0.75,0.28747795414462085,-0.3226727638873611,0.08835869922223516,-0.4204358696074346,-0.5710819990295973,0.264927359853959,-0.4099783080260303,-0.5505617977528089,-0.1942175088185134,0.05952219540635095,0.30866430270879675,0.12098995906979515,-0.4827681728560025
70,2016-01-07,4.8,97.3,215.3,101.5235194,0.827138819,3.44,59039.0,3.28,4.5,65.88071495,57784,17724.489,0.601115379,170.054,-0.7678571428571429,0.2751322751322751,-0.31597602567720773,0.08142511763851146,-0.4523101849839113,-0.6331877729257642,0.264927359853959,-0.5054229934924079,-0.7303370786516853,-0.1942175088185134,0.08056512189169407,0.342132182133674,0.15723266038708572,-0.464115976035675
69,2016-01-08,4.9,101.1,216.0,101.6167617,1.062874489,3.435,59039.0,3.32,5.0,65.88071495,57784,17724.489,0.601115379,171.542,-0.75,0.3421516754850087,-0.3092792874670546,0.08535414804537833,-0.40815944200941756,-0.6356137797185832,0.264927359853959,-0.4880694143167029,-0.6179775280898876,-0.1942175088185134,0.08056512189169407,0.342132182133674,0.15723266038708572,-0.4479514630079249
68,2016-01-09,5.0,104.1,215.3,101.8610479,1.463783603,3.46,59039.0,3.41,5.2,65.88071495,57784,17724.489,0.601115379,173.133,-0.7321428571428572,0.3950617283950615,-0.31597602567720773,0.0956478442302433,-0.33307349829820054,-0.6234837457544882,0.264927359853959,-0.4490238611713665,-0.5730337078651684,-0.1942175088185134,0.08056512189169407,0.342132182133674,0.15723266038708572,-0.43066803543591503
67,2016-01-10,4.9,98.6,214.8,101.9880431,1.635987524,3.47,59039.0,3.51,5.2,65.88071495,58263,17812.56,0.496888796,174.341,-0.75,0.2980599647266313,-0.32075941011303144,0.10099914940317589,-0.30082156521030157,-0.61863173216885,0.264927359853959,-0.40563991323210424,-0.5730337078651684,-0.1942175088185134,0.10654337391870272,0.3699634093198003,0.1445874748861764,-0.4175452318488705
66,2016-01-11,4.7,107.1,214.5,101.8294046,1.692537123,3.77,59039.0,3.86,5.2,65.88071495,58263,17812.56,0.496888796,175.147,-0.7857142857142857,0.4479717813051145,-0.3236294407745258,0.0943144634805877,-0.2902304365501387,-0.4730713245997089,0.264927359853959,-0.2537960954446855,-0.5730337078651684,-0.1942175088185134,0.10654337391870272,0.3699634093198003,0.1445874748861764,-0.40878945395883937
65,2016-01-12,4.7,113.7,215.5,101.8627356,2.074622152,4.198,59039.0,4.06,5.4,65.88071495,58263,17812.56,0.496888796,176.624,-0.7857142857142857,0.564373897707231,-0.3140626719028783,0.09571896028612814,-0.2186700404939076,-0.26540514313440067,0.264927359853959,-0.16702819956616066,-0.5280898876404492,-0.1942175088185134,0.10654337391870272,0.3699634093198003,0.1445874748861764,-0.39274443665911685
64,2017-01-01,4.7,111.8,217.3,102.4563639,2.500042222,4.15,61136.0,3.92,5.4,65.62325127,58745,17896.623,0.471931042,177.558,-0.7857142857142857,0.5308641975308641,-0.29684248793391277,0.12073318281256529,-0.1389934596575786,-0.28869480834546324,0.42443142922339705,-0.22776572668112793,-0.5280898876404492,-0.41109258371677837,0.1326843289855466,0.3965280725000446,0.1415595004488288,-0.382598163024763
63,2017-01-02,4.6,114.8,218.8,102.7787036,2.737958137,4.1675,61136.0,3.95,5.3,65.62325127,58745,17896.623,0.471931042,178.117,-0.8035714285714286,0.5837742504409169,-0.28249233462644163,0.13431588597025668,-0.0944343803603872,-0.2802037845705967,0.42443142922339705,-0.2147505422993491,-0.5505617977528089,-0.41109258371677837,0.1326843289855466,0.3965280725000446,0.1415595004488288,-0.3765256073913542
62,2017-01-03,4.4,125.6,219.7,102.8622419,2.380612376,4.196,61136.0,4.01,5.0,65.62325127,58745,17896.623,0.471931042,179.111,-0.8392857142857142,0.7742504409171074,-0.27388224264195915,0.13783601064369333,-0.16136137892168223,-0.26637554585152856,0.42443142922339705,-0.18872017353579185,-0.6179775280898876,-0.41109258371677837,0.1326843289855466,0.3965280725000446,0.1415595004488288,-0.36572753887684906
61,2017-01-04,4.4,120.3,221.0,103.1672834,2.19968995,4.045,61136.0,3.87,5.4,65.62325127,59172,17996.802,0.559764823,180.254,-0.8392857142857142,0.6807760141093473,-0.26144544310881734,0.1506898047785048,-0.19524619375962293,-0.33964095099466285,0.42443142922339705,-0.24945770065075912,-0.5280898876404492,-0.41109258371677837,0.1558423949887464,0.42818553645843016,0.1522158457114502,-0.35331084640996835
60,2017-01-05,4.4,117.9,221.7,103.2554627,1.874877687,4.01,61136.0,3.85,5.1,65.62325127,59172,17996.802,0.559764823,181.601,-0.8392857142857142,0.6384479717813052,-0.2547487048986643,0.15440549123150116,-0.25608001979314887,-0.35662299854439605,0.42443142922339705,-0.2581344902386117,-0.595505617977528,-0.41109258371677837,0.1558423949887464,0.42818553645843016,0.1522158457114502,-0.3386780513505735
59,2017-01-06,4.3,118.9,221.9,103.3491269,1.633487968,3.904,61136.0,3.68,5.3,65.62325127,59172,17996.802,0.559764823,183.011,-0.8571428571428572,0.656084656084656,-0.25283535112433464,0.15835229959889352,-0.30128970503193464,-0.4080543425521592,0.42443142922339705,-0.3318872017353578,-0.5505617977528089,-0.41109258371677837,0.1558423949887464,0.42818553645843016,0.1522158457114502,-0.3233608716670199
58,2017-01-07,4.3,121.1,221.9,103.277824,1.727978512,3.9675,61136.0,3.7,5.8,65.62325127,59787,18126.226,0.719149991,184.15,-0.8571428571428572,0.6948853615520281,-0.25283535112433464,0.1553477484220367,-0.2835926474688425,-0.3772440562833578,0.42443142922339705,-0.32321041214750534,-0.4382022471910112,-0.41109258371677837,0.18919651815494753,0.4690846831393718,0.17155309113811468,-0.3109876321921492
57,2017-01-08,4.4,122.9,222.4,103.5870845,1.938974208,3.88,61136.0,3.63,6.1,65.62325127,59787,18126.226,0.719149991,184.599,-0.8392857142857142,0.7266313932980599,-0.24805196668851093,0.16837932216209817,-0.24407543421545386,-0.4196991751576905,0.42443142922339705,-0.3535791757049892,-0.3707865168539325,-0.41109258371677837,0.18919651815494753,0.4690846831393718,0.17155309113811468,-0.3061100338390178
56,2017-01-09,4.3,119.8,223.1,104.1355683,2.232963873,3.805,61136.0,3.63,5.3,65.62325127,59787,18126.226,0.719149991,184.518,-0.8571428571428572,0.6719576719576719,-0.24135522847835778,0.19149125234693898,-0.1890143476324495,-0.4560892770499757,0.42443142922339705,-0.3535791757049892,-0.5505617977528089,-0.41109258371677837,0.18919651815494753,0.4690846831393718,0.17155309113811468,-0.30698995692722186
55,2017-01-10,4.2,125.9,223.9,104.0697503,2.041128682,3.895,61136.0,3.6,5.5,65.62325127,60676,18296.685,0.940399838,184.141,-0.875,0.7795414462081129,-0.23370181338103968,0.1887178230844777,-0.2249430054011442,-0.41242115477923347,0.42443142922339705,-0.3665943600867678,-0.5056179775280898,-0.41109258371677837,0.23741085229275694,0.5229512584583758,0.1983960066097159,-0.31108540142417207
54,2017-01-11,4.2,129.5,223.9,104.0722817,2.202582946,3.922,61136.0,3.57,4.8,65.62325127,60676,18296.685,0.940399838,183.611,-0.875,0.8430335097001762,-0.23370181338103968,0.18882449084762798,-0.1947043668785986,-0.3993207180980106,0.42443142922339705,-0.37960954446854667,-0.6629213483146067,-0.41109258371677837,0.23741085229275694,0.5229512584583758,0.1983960066097159,-0.31684292286550786
53,2017-01-12,4.1,122.1,224.1,104.0111047,2.10908247,3.95,61136.0,3.51,5.6,65.62325127,60676,18296.685,0.940399838,183.2,-0.8928571428571429,0.7125220458553789,-0.23178845960671035,0.18624662336472686,-0.21221599540672442,-0.3857350800582241,0.42443142922339705,-0.40563991323210424,-0.4831460674157303,-0.41109258371677837,0.23741085229275694,0.5229512584583758,0.1983960066097159,-0.3213077177945437
52,2018-01-01,4.0,125.4,225.8,104.5777307,2.070507599,4.0325,63179.0,3.55,5.7,65.35474362,61397,18436.262,0.762854036,182.799,-0.9107142857142857,0.7707231040564373,-0.21552495252490955,0.2101230269210681,-0.21944065179748296,-0.3457059679767105,0.5798280976648664,-0.38828633405639923,-0.4606741573033706,-0.6372705700817201,0.2765138161997993,0.5670588443488265,0.17685544050291258,-0.3256638802435541
51,2018-01-02,4.1,130.8,228.7,105.0519583,2.21179546,4.33,63179.0,3.82,5.7,65.35474362,61397,18436.262,0.762854036,182.593,-0.8928571428571429,0.8659611992945326,-0.1877813227971321,0.23010596020537744,-0.1929789625824948,-0.20135856380397865,0.5798280976648664,-0.2711496746203905,-0.4606741573033706,-0.6372705700817201,0.2765138161997993,0.5670588443488265,0.17685544050291258,-0.3279017093320734
50,2018-01-03,4.0,127.7,231.3,105.289494,2.35971145,4.444,63179.0,3.87,5.3,65.35474362,61397,18436.262,0.762854036,183.067,-0.9107142857142857,0.8112874779541446,-0.1629077237308486,0.24011520480805748,-0.16527589644783736,-0.14604560892770513,0.5798280976648664,-0.24945770065075912,-0.5505617977528089,-0.6372705700817201,0.2765138161997993,0.5670588443488265,0.17685544050291258,-0.3227525297788787
49,2018-01-04,4.0,128.7,232.4,105.7080294,2.462743921,4.4675,63179.0,3.85,5.5,65.35474362,62377,18590.004,0.833910909,183.507,-0.9107142857142857,0.8289241622574952,-0.15238427797203646,0.25775138831007594,-0.14597902828550957,-0.13464337700145557,0.5798280976648664,-0.2581344902386117,-0.5056179775280898,-0.6372705700817201,0.32966347587927425,0.6156426974906044,0.18547634425257842,-0.3179727006577697
48,2018-01-05,3.8,128.0,236.8,106.1476603,2.801011709,4.586,63179.0,4.0,5.4,65.35474362,62377,18590.004,0.833910909,184.156,-0.9464285714285715,0.8165784832451499,-0.11029049493678766,0.27627649090726947,-0.08262512785737941,-0.07714701601164475,0.5798280976648664,-0.1930585683297179,-0.5280898876404492,-0.6372705700817201,0.32966347587927425,0.6156426974906044,0.18547634425257842,-0.3109224527041341
47,2018-01-06,4.0,126.4,239.2,106.3168465,2.87154782,4.57,63179.0,3.96,5.9,65.35474362,62377,18590.004,0.833910909,184.329,-0.9107142857142857,0.7883597883597884,-0.08733024964483405,0.2834056342705529,-0.06941447667683742,-0.08491023774866557,0.5798280976648664,-0.21041214750542292,-0.4157303370786515,-0.6372705700817201,0.32966347587927425,0.6156426974906044,0.18547634425257842,-0.30904311079969804
46,2018-01-07,3.8,127.4,239.6,106.324019,2.949515087,4.5275,63179.0,3.87,6.2,65.35474362,62786,18679.599,0.481952559,184.364,-0.9464285714285715,0.8059964726631392,-0.08350354209617494,0.2837078680270486,-0.054812050299273385,-0.10553129548762752,0.5798280976648664,-0.24945770065075912,-0.3483146067415729,-0.6372705700817201,0.3518453236434633,0.643955522367589,0.14277535093358984,-0.3086628971196099
45,2018-01-08,3.8,133.4,239.4,106.3830864,2.699180031,4.55,63179.0,3.88,6.5,65.35474362,62786,18679.599,0.481952559,183.287,-0.9464285714285715,0.911816578483245,-0.08541689587050438,0.28619684149353897,-0.1016971004699222,-0.09461426491994196,0.5798280976648664,-0.24511930585683295,-0.2808988764044942,-0.6372705700817201,0.3518453236434633,0.643955522367589,0.14277535093358984,-0.3203626152183242
44,2018-01-09,3.7,138.4,240.0,106.5067063,2.276972257,4.6275,63179.0,3.98,6.6,65.35474362,62786,18679.599,0.481952559,182.32,-0.9642857142857143,1.0,-0.07967683454751595,0.2914059187684872,-0.18077205298647248,-0.05701115963124681,0.5798280976648664,-0.20173535791757047,-0.2584269662921348,-0.6372705700817201,0.3518453236434633,0.643955522367589,0.14277535093358984,-0.3308673760367614
43,2018-01-10,3.8,137.9,238.7,106.6948784,2.522469875,4.83,63179.0,4.14,7.0,65.35474362,63162,18721.281,0.223141835,180.91,-0.9464285714285715,0.9911816578483246,-0.09211363408065776,0.29933508721053514,-0.1347930026663896,0.041242115477923225,0.5798280976648664,-0.13232104121475063,-0.16853932584269649,-0.6372705700817201,0.37223743796946596,0.6571274088179773,0.1113753997848057,-0.34618455572031503
42,2018-01-11,3.8,135.7,238.8,106.3375201,2.176601073,4.866,63179.0,4.22,6.7,65.35474362,63162,18721.281,0.223141835,179.681,-0.9464285714285715,0.9523809523809521,-0.0911569571934927,0.2842767754052036,-0.19957049085898304,0.05870936438621999,0.5798280976648664,-0.0976138828633406,-0.23595505617977508,-0.6372705700817201,0.37223743796946596,0.6571274088179773,0.1113753997848057,-0.3595354875154122
41,2018-01-12,3.9,128.1,238.3,105.997882,1.910158829,4.6375,63179.0,4.02,7.5,65.35474362,63162,18721.281,0.223141835,178.027,-0.9285714285714286,0.8183421516754847,-0.09594034162931653,0.2699651547970616,-0.24947224324287698,-0.052159146045608895,0.5798280976648664,-0.18438177874186568,-0.05617977528089868,-0.6372705700817201,0.37223743796946596,0.6571274088179773,0.1113753997848057,-0.37750329971158103
40,2019-01-01,4.0,120.2,238.5,106.1999772,1.551235133,4.464,68703.0,3.93,6.9,65.08089532,63667,18833.195,0.59779029,176.437,-0.9107142857142857,0.6790123456790123,-0.09402698785498709,0.2784810127915758,-0.31669477197410945,-0.13634158175642874,1.0,-0.22342733188720165,-0.19101123595505598,-0.8679472642595621,0.39962578300837914,0.6924932381977751,0.1568292473037649,-0.39477586403558795
39,2019-01-02,3.8,131.4,238.1,106.6488902,1.520135299,4.37,68703.0,3.79,6.4,65.08089532,63667,18833.195,0.59779029,174.44,-0.9464285714285715,0.8765432098765431,-0.09785369540364608,0.2973972431616747,-0.32251943473084643,-0.18195050946142655,1.0,-0.28416485900216915,-0.3033707865168537,-0.8679472642595621,0.39962578300837914,0.6924932381977751,0.1568292473037649,-0.41646977029662113
38,2019-01-03,3.8,124.1,238.1,107.2505348,1.86252277,4.265,68703.0,3.77,5.8,65.08089532,63667,18833.195,0.59779029,172.86,-0.9464285714285715,0.7477954144620809,-0.09785369540364608,0.3227492553656568,-0.25839396220558986,-0.23289665211062616,1.0,-0.2928416485900216,-0.4382022471910112,-0.8679472642595621,0.39962578300837914,0.6924932381977751,0.1568292473037649,-0.43363370214060304
37,2019-01-04,3.6,129.2,237.2,107.8184265,1.996439733,4.1425,68703.0,3.69,5.7,65.08089532,64465,18982.528,0.792924408,171.19,-0.9821428571428571,0.8377425044091709,-0.1064637873881289,0.34667899280357317,-0.23331276251553956,-0.29233381853469187,1.0,-0.3275488069414316,-0.4606741573033706,-0.8679472642595621,0.44290479160452323,0.7396838077312855,0.18050369818417367,-0.451775326304812
36,2019-01-05,3.6,134.1,237.3,108.0479459,1.790228437,4.072,68703.0,3.67,6.5,65.08089532,64465,18982.528,0.792924408,169.351,-0.9821428571428571,0.9241622574955906,-0.10550711050096395,0.35635044772870783,-0.27193390936248585,-0.3265405143134401,1.0,-0.3362255965292842,-0.2808988764044942,-0.8679472642595621,0.44290479160452323,0.7396838077312855,0.18050369818417367,-0.47175283938144674
35,2019-01-06,3.6,121.5,236.3,108.0694634,1.648484655,3.8025,68703.0,3.42,5.3,65.08089532,64465,18982.528,0.792924408,167.501,-0.9821428571428571,0.7019400352733685,-0.11507387937261138,0.3572571489981935,-0.2984809876528213,-0.4573022804463852,1.0,-0.44468546637744033,-0.5505617977528089,-0.8679472642595621,0.44290479160452323,0.7396838077312855,0.18050369818417367,-0.4918498481861092
34,2019-01-07,3.7,135.7,235.6,108.2500411,1.811464727,3.765,68703.0,3.29,5.8,65.08089532,65023,19112.653,0.685498791,165.812,-0.9642857142857143,0.9523809523809521,-0.12177061758276475,0.364866305723222,-0.2679565817840086,-0.4754973313925279,1.0,-0.5010845986984815,-0.4382022471910112,-0.8679472642595621,0.47316755701385693,0.7808044767096631,0.16747039309621314,-0.5101978740623658
33,2019-01-08,3.7,135.1,234.4,108.2445563,1.749779935,3.616,68703.0,2.98,5.6,65.08089532,65023,19112.653,0.685498791,163.344,-0.9642857142857143,0.9417989417989416,-0.13325074022874162,0.36463518802261174,-0.27950947658786707,-0.5477923338185346,1.0,-0.6355748373101953,-0.4831460674157303,-0.8679472642595621,0.47316755701385693,0.7808044767096631,0.16747039309621314,-0.5370083701325861
32,2019-01-09,3.5,125.1,234.4,108.3293603,1.711304446,3.605,68703.0,3.03,5.4,65.08089532,65023,19112.653,0.685498791,161.288,-1.0,0.765432098765432,-0.13325074022874162,0.36820864657762353,-0.2867155198042245,-0.5531295487627366,1.0,-0.6138828633405641,-0.5280898876404492,-0.8679472642595621,0.47316755701385693,0.7808044767096631,0.16747039309621314,-0.5593432080257676
31,2019-01-10,3.6,125.9,233.8,108.5770219,1.764042968,3.688,68703.0,3.01,5.4,65.08089532,65501,19202.31,0.469097618,159.33,-0.9821428571428571,0.7795414462081129,-0.13899080155172994,0.3786445748742586,-0.27683816467304434,-0.5128578360019408,1.0,-0.6225596529284165,-0.5280898876404492,-0.8679472642595621,0.4990915746942539,0.809136894143627,0.14121573812782162,-0.5806134476147022
30,2019-01-11,3.6,125.5,232.8,108.5187982,2.051277948,3.695,68703.0,3.06,5.6,65.08089532,65501,19202.31,0.469097618,157.527,-0.9821428571428571,0.7724867724867723,-0.14855757042337747,0.3761911531150324,-0.22304215758059254,-0.5094614264919943,1.0,-0.6008676789587852,-0.4831460674157303,-0.8679472642595621,0.4990915746942539,0.809136894143627,0.14121573812782162,-0.6001998837632466
29,2019-01-12,3.6,126.5,232.2,108.4200711,2.285129716,3.72,68703.0,3.01,5.6,65.08089532,65501,19202.31,0.469097618,155.751,-0.9821428571428571,0.7901234567901234,-0.15429763174636613,0.37203100500755526,-0.1792442490880044,-0.49733139252789904,1.0,-0.6225596529284165,-0.4831460674157303,-0.8679472642595621,0.4990915746942539,0.809136894143627,0.14121573812782162,-0.6194930122157225
28,2020-01-01,3.5,131.6,233.4,108.8407161,2.486572003,3.624,67521.0,2.94,5.5,65.08627785,64794,18951.992,-1.303582746,154.179,-1.0,0.8800705467372132,-0.14281750910038904,0.3897560825259836,-0.14151628607955857,-0.5439107229500243,0.9100935574655815,-0.6529284164859003,-0.5056179775280898,-0.8634132787401546,0.46074789163977536,0.7300341574110261,-0.07385292661579446,-0.6365700380756842
27,2020-01-02,3.5,130.7,234.6,109.1390069,2.334873523,3.465,67521.0,2.78,5.7,65.08627785,64794,18951.992,-1.303582746,152.633,-1.0,0.8641975308641971,-0.13133738645441217,0.4023254166510397,-0.16992777170708961,-0.6210577389616692,0.9100935574655815,-0.7223427331887202,-0.4606741573033706,-0.8634132787401546,0.46074789163977536,0.7300341574110261,-0.07385292661579446,-0.6533646194875806
26,2020-01-03,4.4,120.0,236.3,108.9014712,1.539326963,3.45,67521.0,3.02,6.5,65.08627785,64794,18951.992,-1.303582746,151.338,-0.8392857142857142,0.6754850088183422,-0.11507387937261138,0.3923161720483601,-0.3189250435022435,-0.6283357593401262,0.9100935574655815,-0.6182212581344902,-0.2808988764044942,-0.8634132787401546,0.46074789163977536,0.7300341574110261,-0.07385292661579446,-0.6674325256508444
25,2020-01-04,14.7,86.9,234.3,108.1732534,0.329096715,3.306,67521.0,2.43,6.7,65.08627785,58722,17258.205,-8.937250501,149.85,1.0,0.09171075837742504,-0.13420741711590622,0.36163063684575514,-0.5455880878323861,-0.6982047549733139,0.9100935574655815,-0.8741865509761388,-0.23595505617977508,-0.8634132787401546,0.1314369390134773,0.1947822492697826,-1.0,-0.6835970386785947
24,2020-01-05,13.2,86.6,233.3,108.1753629,0.117926351,3.2325,67521.0,2.5,5.3,65.08627785,58722,17258.205,-8.937250501,148.185,0.7321428571428572,0.08641975308641969,-0.14377418598755365,0.36171952664838014,-0.5851380145142255,-0.7338670548277536,0.9100935574655815,-0.8438177874186551,-0.5505617977528089,-0.8634132787401546,0.1314369390134773,0.1947822492697826,-1.0,-0.7016843466027909
23,2020-01-06,11.0,98.1,234.8,108.7673036,0.645733011,3.1625,67521.0,2.44,3.9,65.08627785,58722,17258.205,-8.937250501,146.592,0.3392857142857144,0.28924162257495567,-0.1294240326800825,0.38666263733271755,-0.48628553204567915,-0.7678311499272198,0.9100935574655815,-0.8698481561822127,-0.8651685393258426,-0.8634132787401546,0.1314369390134773,0.1947822492697826,-1.0,-0.7189895006708056
22,2020-01-07,10.2,92.6,237.0,109.3174751,0.986081843,3.016,67521.0,2.14,3.5,65.08627785,63701,18560.774,7.547534636,145.059,0.1964285714285714,0.1922398589065255,-0.10837714116245822,0.4098456835734432,-0.4225418745699091,-0.8389131489568171,0.9100935574655815,-1.0,-0.9550561797752809,-0.8634132787401546,0.40146975079317726,0.6064057549028006,1.0,-0.7356428598586693
21,2020-01-08,8.4,84.8,240.9,109.6621761,1.309645352,2.935,67521.0,2.25,3.3,65.08627785,63701,18560.774,7.547534636,143.192,-0.12499999999999989,0.05467372134038784,-0.07106674256303314,0.4243706439216701,-0.3619419266630679,-0.8782144590004852,0.9100935574655815,-0.9522776572668114,-1.0,-0.8634132787401546,0.40146975079317726,0.6064057549028006,1.0,-0.7559245438793745
20,2020-01-09,7.9,101.8,246.9,109.8149078,1.371324908,2.89,67521.0,2.31,3.4,65.08627785,63701,18560.774,7.547534636,141.646,-0.2142857142857142,0.3544973544973544,-0.01366612933314848,0.4308064299693384,-0.35039001250541446,-0.9000485201358563,0.9100935574655815,-0.9262472885032538,-0.9775280898876404,-0.8634132787401546,0.40146975079317726,0.6064057549028006,1.0,-0.7727191252912711
19,2020-01-10,6.9,100.9,246.4,109.8604741,1.182066129,2.834,67521.0,2.35,3.4,65.08627785,64696,18767.778,1.115276766,140.18,-0.3928571428571428,0.3386243386243386,-0.018449513768972192,0.43272649605767444,-0.38583613615439616,-0.9272197962154295,0.9100935574655815,-0.9088937093275489,-0.9775280898876404,-0.8634132787401546,0.4554329256718279,0.6718208785239339,0.21961277425899395,-0.7886446468629655
18,2020-01-11,6.7,96.1,244.3,109.7933903,1.174535768,2.765,67521.0,2.3,4.1,65.08627785,64696,18767.778,1.115276766,138.794,-0.4285714285714285,0.25396825396825373,-0.03853972839943176,0.4298997286998527,-0.3872464913756325,-0.9606986899563319,0.9100935574655815,-0.9305856832971802,-0.8202247191011236,-0.8634132787401546,0.4554329256718279,0.6718208785239339,0.21961277425899395,-0.8037011085944586
17,2020-01-12,6.7,88.6,248.0,109.8967585,1.362005563,2.684,67521.0,2.26,4.1,65.08627785,64696,18767.778,1.115276766,137.532,-0.4285714285714285,0.12169312169312163,-0.0031426835743363357,0.4342554428006753,-0.3521354250931049,-1.0,0.9100935574655815,-0.9479392624728852,-0.8202247191011236,-0.8634132787401546,0.4554329256718279,0.6718208785239339,0.21961277425899395,-0.8174105275736392
16,2021-01-01,6.4,89.3,256.4,110.3642355,1.399769732,2.735,,2.45,4.0,64.92412865,66390,19055.655,1.533889627,136.294,-0.4821428571428571,0.13403880070546736,0.07721817494750205,0.4539539202890148,-0.3450626044242415,-0.9752547307132461,,-0.8655097613882863,-0.8426966292134831,-1.0,0.5473059088320633,0.7627925966679374,0.27040055917957817,-0.8308592286007592
15,2021-01-02,6.2,91.3,264.6,110.9684115,1.676215179,2.81,,2.7,4.8,64.92412865,66390,19055.655,1.533889627,134.968,-0.5178571428571428,0.1693121693121693,0.15566567969501133,0.4794126002561465,-0.29328736024093227,-0.9388646288209608,,-0.7570498915401301,-0.6629213483146067,-1.0,0.5473059088320633,0.7627925966679374,0.27040055917957817,-0.8452638954521015
14,2021-01-03,6.0,109.7,276.7,111.7544311,2.619762496,3.0825,,3.04,4.2,64.92412865,66390,19055.655,1.533889627,133.776,-0.5535714285714286,0.49382716049382713,0.27142358304194514,0.5125337792574525,-0.11657114636824917,-0.8066472586123241,,-0.6095444685466378,-0.797752808988764,-1.0,0.5473059088320633,0.7627925966679374,0.27040055917957817,-0.8582128870711053
13,2021-01-04,6.0,121.7,291.8,112.6729306,4.159694803,3.06,,2.9,4.7,64.92412865,68493,19368.31,1.64074654,132.649,-0.5535714285714286,0.7054673721340388,0.4158817930038219,0.5512373769185159,0.1718415299334588,-0.8175642891800098,,-0.6702819956616053,-0.6853932584269662,-1.0,0.6613607397564878,0.8615943854051884,0.28336486682592543,-0.8704557675699458
12,2021-01-05,5.8,117.2,305.9,113.5762414,4.992706616,2.9625,,2.96,5.4,64.92412865,68493,19368.31,1.64074654,131.735,-0.5892857142857143,0.6261022927689595,0.5507732340940505,0.5893009553593243,0.3278556386615954,-0.8648714216399807,,-0.6442516268980478,-0.5280898876404492,-1.0,0.6613607397564878,0.8615943854051884,0.28336486682592543,-0.8803847762442492
11,2021-01-06,5.9,127.3,315.7,114.6314399,5.391451388,2.975,,2.79,5.8,64.92412865,68493,19368.31,1.64074654,130.884,-0.5714285714285714,0.8042328042328042,0.6445275690361956,0.6337647554991803,0.4025362245101227,-0.8588064046579331,,-0.7180043383947939,-0.4382022471910112,-1.0,0.6613607397564878,0.8615943854051884,0.28336486682592543,-0.8896294002943942
10,2021-01-07,5.4,129.1,313.542,115.1828772,5.365475277,2.868,,2.57,6.0,64.92412865,69824,19478.893,0.570948111,130.148,-0.6607142857142856,0.8359788359788358,0.6238824818111801,0.6570011398352662,0.3976711796900583,-0.9107229500242602,,-0.8134490238611715,-0.393258426966292,-1.0,0.7335466550966727,0.8965396068279428,0.15357264689594352,-0.8976247508242491
9,2021-01-08,5.2,113.8,313.083,115.4208348,5.251271591,2.8425,,2.55,6.5,64.92412865,69824,19478.893,0.570948111,129.355,-0.6964285714285714,0.566137566137566,0.6194913348990945,0.6670281623984711,0.37628206370550754,-0.9230955846676372,,-0.8221258134490239,-0.2808988764044942,-1.0,0.7335466550966727,0.8965396068279428,0.15357264689594352,-0.9062393064902476
8,2021-01-09,4.7,109.3,317.136,115.7343144,5.390348832,2.9,,2.53,6.1,64.92412865,69824,19478.893,0.570948111,128.461,-0.7857142857142857,0.48677248677248675,0.6582654491358817,0.6802375199575676,0.4023297276886151,-0.8951965065502184,,-0.8308026030368765,-0.3707865168539325,-1.0,0.7335466550966727,0.8965396068279428,0.15357264689594352,-0.9159510502045005
7,2021-01-10,4.6,113.8,322.12,116.6958488,6.221868926,3.0675,,2.68,6.9,64.92412865,72171,19806.29,1.680778266,127.622,-0.8035714285714286,0.566137566137566,0.7059462251921722,0.7207545159438165,0.5580644535717236,-0.8139252789907813,,-0.7657266811279826,-0.19101123595505598,-1.0,0.8608346665943543,1.0,0.288221675776398,-0.9250653152786152
6,2021-01-11,4.2,109.5,328.94,117.2692254,6.809002873,3.0675,,2.62,6.2,64.92412865,72171,19806.29,1.680778266,126.669,-0.875,0.49029982363315683,0.7711915888968077,0.7449153752961282,0.6680282956393964,-0.8139252789907813,,-0.79175704989154,-0.3483146067415729,-1.0,0.8608346665943543,1.0,0.288221675776398,-0.9354179906250171
5,2021-01-12,3.9,115.8,335.032,117.6295371,7.036402807,3.098,,2.65,5.6,64.92412865,72171,19806.29,1.680778266,125.734,-0.9285714285714286,0.601410934744268,0.8294723448628838,0.7600981370389204,0.71061784536028,-0.7991266375545854,,-0.7787418655097614,-0.4831460674157303,-1.0,0.8608346665943543,1.0,0.288221675776398,-0.9455751275073735
4,2022-01-01,4.0,113.8,345.742,118.6193395,7.479872408,3.445,,2.93,5.7,,73289,19727.918,-0.39569248,124.78,-0.9107142857142857,0.566137566137566,0.9319324394782282,0.8018062858768402,0.7936749082593837,-0.6307617661329453,,-0.6572668112798263,-0.4606741573033706,,0.921468666106245,0.975233743944873,0.03629594805315661,-0.9559386661017778
3,2022-01-02,3.8,110.5,343.583,119.7028061,7.87106392,3.7625,,3.25,6.0,,73289,19727.918,-0.39569248,123.831,-0.9464285714285715,0.5079365079365079,0.9112777854843417,0.8474612430821524,0.8669408501514853,-0.47671033478893743,,-0.5184381778741866,-0.393258426966292,,0.921468666106245,0.975233743944873,0.03629594805315661,-0.9662478884561695
2,2022-01-03,3.6,107.2,345.852,121.3010037,8.542455548,4.172,,3.43,7.0,,73289,19727.918,-0.39569248,122.888,-0.9821428571428571,0.44973544973544977,0.9329847840541092,0.9148058599200244,0.992685245147181,-0.27802037845705985,,-0.44034707158351405,-0.16853932584269649,,0.921468666106245,0.975233743944873,0.03629594805315661,-0.9764919313225461
1,2022-01-04,3.6,107.3,343.73,121.9781703,8.258629336,4.9825,,3.76,8.4,,74737,19699.465,-0.14422708,121.813,-0.9821428571428571,0.4514991181657848,0.9126841005084736,0.9433402071198982,0.9395276634564838,0.11523532265890335,,-0.297180043383948,0.14606741573033744,,1.0,0.9662423403372509,0.06680473514502916,-0.9881699229252554
0,2022-01-05,3.6,106.4,352.857,123.3227996,8.581511485,5.23,,4.13,8.4,,74737,19699.465,-0.14422708,120.724,-0.9821428571428571,0.435626102292769,1.0,1.0,1.0,0.23532265890344517,,-0.1366594360086768,0.14606741573033744,,1.0,0.9662423403372509,0.06680473514502916,-1.0
