,Unnamed: 0,DailyTotals,Off work,Vaccinations,Date Index,DailyRecovered,DailyDeaths,DailyTested,DailyActive,DailyHospitalized,DailyICU,DailyVaccinated,DailyDose1,DailyDose2,DailyBooster
0,0,1,0,0,0,0,0,0,1,0,0,0.0,0,0,
1,1,0,0,0,1,0,0,0,0,0,0,0.0,0,0,
2,2,0,0,0,2,0,0,0,0,0,0,0.0,0,0,
3,3,0,0,0,3,0,0,0,0,0,0,0.0,0,0,
4,4,0,0,0,4,0,0,0,0,0,0,0.0,0,0,
5,5,0,0,0,5,0,0,0,0,0,0,0.0,0,0,
6,6,0,0,0,6,0,0,0,0,0,0,0.0,0,0,
7,7,1,0,0,7,0,0,0,1,0,0,0.0,0,0,
8,8,1,0,0,8,0,0,0,1,0,0,0.0,0,0,
9,9,0,0,0,9,0,0,0,0,0,0,0.0,0,0,
10,10,1,0,0,10,0,0,0,1,0,0,0.0,0,0,
11,11,1,0,0,11,0,0,0,1,0,0,0.0,0,0,
12,12,0,0,0,12,0,0,0,0,0,0,0.0,0,0,
13,13,3,0,0,13,0,0,0,3,0,0,0.0,0,0,
14,14,9,0,0,14,0,0,0,9,0,0,0.0,0,0,
15,15,0,0,0,15,0,0,0,0,0,0,0.0,0,0,
16,16,7,0,0,16,0,0,0,7,0,0,0.0,0,0,
17,17,15,0,0,17,0,0,0,15,0,0,0.0,0,0,
18,18,11,0,0,18,0,0,6202,11,0,0,0.0,0,0,
19,19,24,0,0,19,0,0,1599,24,0,0,0.0,0,0,
20,20,20,0,0,20,1,1,1133,18,0,0,0.0,0,0,
21,21,27,0,0,21,0,0,1517,27,0,0,0.0,0,0,
22,22,18,1,0,22,0,0,0,18,0,0,0.0,0,0,
23,23,42,0,0,23,0,3,484,39,0,0,0.0,0,0,
24,24,38,0,0,24,0,0,1133,38,0,0,0.0,0,0,
25,25,409,0,0,25,0,0,1659,409,0,0,0.0,0,0,
26,26,412,0,0,26,0,0,2036,412,0,0,0.0,0,0,
27,27,299,0,0,27,0,2,15208,297,0,0,0.0,0,0,
28,28,290,0,0,28,0,2,5134,288,0,0,0.0,0,0,
29,29,392,0,0,29,28,10,5487,354,0,0,0.0,0,0,
30,30,477,0,0,30,0,4,11252,473,0,0,0.0,0,0,
31,31,342,0,0,31,55,0,5673,287,0,0,0.0,0,0,
32,32,590,0,0,32,0,3,7398,587,0,0,0.0,0,0,
33,33,732,0,0,33,0,6,7226,726,0,0,0.0,0,0,
34,34,449,0,0,34,71,2,2322,376,0,0,0.0,0,0,
35,35,907,0,0,35,69,3,3950,835,0,0,0.0,0,0,
36,36,583,0,0,36,82,25,8390,476,0,0,0.0,0,0,
37,37,896,0,0,37,131,14,6303,751,0,0,0.0,0,0,
38,38,947,0,0,38,27,19,4677,901,0,0,0.0,0,0,
39,39,636,0,0,39,147,27,4272,462,0,0,0.0,0,0,
40,40,760,0,0,40,109,29,3943,622,0,0,0.0,0,0,
41,41,691,0,0,41,107,25,5109,559,0,0,0.0,0,0,
42,42,881,0,0,42,0,38,4538,843,679,196,0.0,0,0,
43,43,765,0,0,43,514,28,4293,223,54,-10,0.0,0,0,
44,44,615,0,0,44,222,48,4677,345,45,25,0.0,0,0,
45,45,554,0,0,45,182,39,3406,333,46,6,0.0,0,0,
46,46,711,0,0,46,237,32,5194,442,55,9,0.0,0,0,
47,47,691,0,0,47,164,75,5630,452,57,4,0.0,0,0,
48,48,612,0,0,48,345,52,5934,215,48,-12,0.0,0,0,
49,49,997,0,0,49,350,143,5731,504,34,-9,0.0,0,0,
50,50,941,0,0,50,227,58,5047,656,58,-2,0.0,0,0,
51,51,723,0,0,51,247,117,5178,359,54,51,0.0,0,0,
52,52,836,0,0,52,240,72,4718,524,-28,-75,0.0,0,0,
53,53,962,0,0,53,292,62,4319,608,67,15,0.0,0,0,
54,54,807,0,0,54,201,102,3718,504,55,3,0.0,0,0,
55,55,839,0,0,55,243,93,6397,503,54,-2,0.0,0,0,
56,56,873,0,0,56,193,109,5104,571,133,8,0.0,0,0,
57,57,778,0,0,57,240,97,2417,441,49,20,0.0,0,0,
58,58,651,0,0,58,333,106,4967,212,49,-10,0.0,0,0,
59,59,840,0,0,59,285,69,5012,486,9,-2,0.0,0,0,
60,60,875,0,0,60,175,84,1785,616,23,-5,0.0,0,0,
61,61,775,0,0,61,324,83,4300,368,84,7,0.0,0,0,
62,62,837,0,0,62,207,79,4507,551,23,5,0.0,0,0,
63,63,944,0,0,63,251,98,5068,595,36,-8,0.0,0,0,
64,64,1110,0,0,64,401,163,5320,546,32,4,0.0,0,0,
65,65,1008,0,0,65,265,114,9326,629,22,4,0.0,0,0,
66,66,2209,0,0,66,293,69,6112,1847,16,-4,0.0,0,0,
67,67,758,0,0,67,320,75,4369,363,18,0,0.0,0,0,
68,68,794,0,0,68,345,118,4189,331,49,0,0.0,0,0,
69,69,910,0,0,69,361,112,11568,437,19,-5,0.0,0,0,
70,70,911,0,0,70,389,121,9212,401,-4,11,0.0,0,0,
71,71,912,0,0,71,255,94,6776,563,-9,-17,0.0,0,0,
72,72,836,0,0,72,340,61,10451,435,8,-2,0.0,0,0,
73,73,735,0,0,73,258,142,1653,335,-4,-6,0.0,0,0,
74,74,748,0,0,74,177,85,5974,486,7,-6,0.0,0,0,
75,75,756,0,0,75,353,118,1891,285,3,-7,0.0,0,0,
76,76,706,0,0,76,414,89,5640,203,35,8,0.0,0,0,
77,77,793,0,0,77,359,131,6401,303,-42,-4,0.0,0,0,
78,78,696,0,0,78,210,50,7939,436,-12,1,0.0,0,0,
79,79,763,0,0,79,419,82,8604,262,-59,-12,0.0,0,0,
80,80,737,0,0,80,296,79,8310,362,3,4,0.0,0,0,
81,81,707,0,0,81,291,34,7450,382,5,-4,0.0,0,0,
82,82,570,0,0,82,452,51,5870,67,13,1,0.0,0,0,
83,83,578,0,0,83,325,71,5582,182,-268,3,0.0,0,0,
84,84,720,0,0,84,505,82,7488,133,-12,-7,0.0,0,0,
85,85,646,0,0,85,492,65,7456,89,-25,-5,0.0,0,0,
86,86,697,0,0,86,225,75,9192,397,-27,-4,0.0,0,0,
87,87,573,0,0,87,287,44,9241,242,-17,3,0.0,0,0,
88,88,573,0,0,88,323,85,9557,165,-10,9,0.0,0,0,
89,89,614,0,0,89,345,70,6157,199,-22,2,0.0,0,0,
90,90,541,0,0,90,320,89,6284,132,-25,3,0.0,0,0,
91,91,563,0,0,91,299,74,7076,190,-47,-6,0.0,0,0,
92,92,530,0,0,92,290,61,8661,179,-66,-6,0.0,0,0,
93,93,419,0,0,93,162,76,11099,181,-68,-5,0.0,0,0,
94,94,408,0,0,94,276,202,7904,-70,1,4,0.0,0,0,
95,95,295,0,0,95,251,20,7983,24,-13,-8,0.0,0,0,
96,96,239,0,0,96,206,52,5535,-19,-10,-2,0.0,0,0,
97,97,291,0,0,97,295,81,6244,-85,-34,-3,0.0,0,0,
98,98,259,0,0,98,238,91,7000,-70,-65,-12,0.0,0,0,
99,99,255,0,0,99,428,50,7296,-223,-46,-15,0.0,0,0,
100,100,226,0,0,100,648,35,6878,-457,-49,-10,0.0,0,0,
101,101,225,0,0,101,302,8,7235,-85,-9,7,0.0,0,0,
102,102,198,0,0,102,280,6,4905,-88,7,-7,0.0,0,0,
103,103,138,0,0,103,367,45,3847,-274,-18,-4,0.0,0,0,
104,104,156,0,0,104,480,52,4826,-376,-47,0,0.0,0,0,
105,105,144,0,0,105,458,24,5506,-338,-43,-3,0.0,0,0,
106,106,181,0,0,106,524,43,0,-386,-31,-7,0.0,0,0,
107,107,158,0,0,107,458,47,10812,-347,-52,-5,0.0,0,0,
108,108,128,0,0,108,461,27,6005,-360,-19,-17,0.0,0,0,
109,109,102,0,0,109,471,20,4106,-389,2,-3,0.0,0,0,
110,110,92,0,0,110,137,27,0,-72,-53,-5,0.0,0,0,
111,111,117,0,0,111,199,29,0,-111,-28,-5,0.0,0,0,
112,112,120,0,0,112,205,42,13839,-127,-53,-7,0.0,0,0,
113,113,167,0,0,113,218,35,6347,-86,-63,-3,0.0,0,0,
114,114,124,0,0,114,229,33,6187,-138,-45,0,0.0,0,0,
115,115,92,0,0,115,121,9,84,-38,-8,-1,0.0,0,0,
116,116,69,0,0,116,184,0,38,-115,-1,-4,0.0,0,0,
117,117,49,0,0,117,114,7,102990,-72,-5,-1,0.0,0,0,
118,118,53,0,0,118,90,17,4527,-54,-15,-4,0.0,0,0,
119,119,142,0,0,119,76,7,0,59,-13,-2,0.0,0,0,
120,120,0,1,0,120,0,0,0,0,0,0,0.0,0,0,
121,121,0,1,0,121,0,0,0,0,0,0,0.0,0,0,
122,122,0,1,0,122,0,0,0,0,0,0,0.0,0,0,
123,123,311,0,0,123,816,37,15713,-542,-32,-5,0.0,0,0,
124,124,68,0,0,124,196,18,15604,-146,-20,-7,0.0,0,0,
125,125,66,0,0,125,151,24,4827,-109,-13,-5,0.0,0,0,
126,126,69,0,0,126,85,14,5995,-30,-11,-1,0.0,0,0,
127,127,89,0,0,127,124,19,5540,-54,-19,-1,0.0,0,0,
128,128,102,0,0,128,122,6,5411,-26,-17,-4,0.0,0,0,
129,129,79,0,0,129,66,8,75,5,-4,-1,0.0,0,0,
130,130,74,0,0,130,32,3,71,39,6,-1,0.0,0,0,
131,131,60,0,0,131,80,13,22015,-33,-30,1,0.0,0,0,
132,132,82,0,0,132,76,13,4676,-7,-16,1,0.0,0,0,
133,133,137,0,0,133,82,6,7553,49,-23,0,0.0,0,0,
134,134,100,0,0,134,59,3,7152,38,9,-3,0.0,0,0,
135,135,91,0,0,135,98,8,14307,-15,-4,-2,0.0,0,0,
136,136,114,0,0,136,89,7,-6101,18,-7,-2,0.0,0,0,
137,137,100,0,0,137,49,1,6315,50,-1,1,0.0,0,0,
138,138,109,0,0,138,114,5,20523,-10,-10,0,0.0,0,0,
139,139,129,0,0,139,72,3,7445,54,-10,-1,0.0,0,0,
140,140,142,0,0,140,0,10,9143,132,-8,0,0.0,0,0,
141,141,141,0,0,141,23842,1,9903,-23702,-17,-4,0.0,0,0,
142,142,158,0,0,142,88,7,11087,63,-12,-1,0.0,0,0,
143,143,166,0,0,143,23,1,8432,142,3,3,0.0,0,0,
144,144,150,0,0,144,140,2,3260,8,0,-1,0.0,0,0,
145,145,180,0,0,145,108,1,10406,71,-4,-2,0.0,0,0,
146,146,142,0,0,146,75,4,9443,63,-12,1,0.0,0,0,
147,147,142,0,0,147,132,0,-31531,10,-14,-2,0.0,0,0,
148,148,163,0,0,148,110,1,10851,52,-1,-2,0.0,0,0,
149,149,171,0,0,149,88,3,10703,80,-14,0,0.0,0,0,
150,150,169,0,0,150,109,1,10533,59,-9,-2,0.0,0,0,
151,151,145,0,0,151,74,0,12774,71,3,-3,0.0,0,0,
152,152,169,0,0,152,0,3,10877,166,-7,1,0.0,0,0,
153,153,176,0,0,153,0,0,1295,176,-3,1,0.0,0,0,
154,154,58,0,0,154,0,3,15194,55,18,9,0.0,0,0,
155,155,1,0,0,155,0,1,17293,0,-19,-3,0.0,0,0,
156,156,326,0,0,156,0,4,16832,322,-12,3,0.0,0,0,
157,157,141,0,0,157,0,3,-826,138,-5,-1,0.0,0,0,
158,158,123,0,0,158,0,2,8845,121,0,1,0.0,0,0,
159,159,123,0,0,159,0,2,7386,121,-3,3,0.0,0,0,
160,160,155,0,0,160,0,2,10095,153,-2,-2,0.0,0,0,
161,161,133,0,0,161,0,0,11239,133,-2,0,0.0,0,0,
162,162,108,0,0,162,0,0,9652,108,-13,0,0.0,0,0,
163,163,126,0,0,163,0,5,6494,121,3,4,0.0,0,0,
164,164,104,0,0,164,0,3,13036,101,1,-1,0.0,0,0,
165,165,156,0,0,165,2155,1,7769,-2000,0,0,0.0,0,0,
166,166,91,0,0,166,94,1,6031,-4,-5,-1,0.0,0,0,
167,167,95,0,0,167,135,12,4206,-52,0,-1,0.0,0,0,
168,168,104,0,0,168,171,6,12606,-73,-2,3,0.0,0,0,
169,169,87,0,0,169,157,3,0,-73,2,2,0.0,0,0,
170,170,80,0,0,170,111,1,19651,-32,-2,0,0.0,0,0,
171,171,67,0,0,171,138,1,9179,-72,0,0,0.0,0,0,
172,172,55,0,0,172,83,1,7958,-29,-4,0,0.0,0,0,
173,173,46,0,0,173,153,6,6578,-113,0,2,0.0,0,0,
174,174,64,0,0,174,155,2,8032,-93,1,-1,0.0,0,0,
175,175,98,0,0,175,145,1,9828,-48,-10,-1,0.0,0,0,
176,176,81,0,0,176,89,3,17473,-11,-12,-2,0.0,0,0,
177,177,104,0,0,177,104,6,9102,-6,0,-7,0.0,0,0,
178,178,74,0,0,178,106,1,10409,-33,-7,-2,0.0,0,0,
179,179,68,0,0,179,79,4,6021,-15,-2,-2,0.0,0,0,
180,180,62,0,0,180,89,2,5841,-29,3,0,0.0,0,0,
181,181,142,0,0,181,72,1,7575,69,-8,0,0.0,0,0,
182,182,111,0,0,182,86,3,5871,22,5,3,0.0,0,0,
183,183,68,0,0,183,98,0,13800,-30,2,2,0.0,0,0,
184,184,108,0,0,184,129,5,9325,-26,0,0,0.0,0,0,
185,185,120,0,0,185,65,3,7521,52,-1,-1,0.0,0,0,
186,186,140,0,0,186,53,2,6997,85,-4,2,0.0,0,0,
187,187,122,0,0,187,85,2,6167,35,-2,2,0.0,0,0,
188,188,132,0,0,188,77,2,8820,53,-1,0,0.0,0,0,
189,189,187,0,0,189,100,3,8939,84,-9,0,0.0,0,0,
190,190,184,0,0,190,109,0,9757,75,2,-2,0.0,0,0,
191,191,175,0,0,191,86,2,10572,87,-8,-1,0.0,0,0,
192,192,205,0,0,192,61,0,10356,144,8,1,0.0,0,0,
193,193,216,0,0,193,89,1,8060,-90,3,0,0.0,0,0,
194,194,163,0,0,194,202,0,8392,-39,0,-3,0.0,0,0,
195,195,180,0,0,195,238,1,9058,-59,8,-1,0.0,0,0,
196,196,188,0,0,196,224,2,12320,-38,6,-2,0.0,0,0,
197,197,219,0,0,197,219,1,18843,-1,4,0,0.0,0,0,
198,198,244,0,0,198,211,6,15421,27,2,4,0.0,0,0,
199,199,279,0,0,199,214,0,14045,65,-1,3,0.0,0,0,
200,200,276,0,0,200,160,0,18083,116,0,0,0.0,0,0,
201,201,292,0,0,201,200,5,13785,87,9,4,0.0,0,0,
202,202,303,0,0,202,176,3,12161,124,-3,3,0.0,0,0,
203,203,499,0,0,203,208,3,16494,288,6,3,0.0,0,0,
204,204,297,0,0,204,206,1,16672,90,0,1,0.0,0,0,
205,205,427,0,0,205,272,5,18183,150,-5,1,0.0,0,0,
206,206,462,0,0,206,306,5,17584,151,7,0,0.0,0,0,
207,207,586,0,0,207,335,2,14348,249,10,-1,0.0,0,0,
208,208,489,0,0,208,319,1,16177,169,20,-2,0.0,0,0,
209,209,471,0,0,209,236,4,14770,231,10,2,0.0,0,0,
210,210,582,0,0,210,257,1,18051,324,6,1,0.0,0,0,
211,211,637,0,0,211,313,4,17527,320,15,2,0.0,0,0,
212,212,698,0,0,212,404,7,18187,287,18,12,0.0,0,0,
213,213,896,0,0,213,469,4,16838,423,-1,-4,0.0,0,0,
214,214,750,0,0,214,500,1,20923,249,-4,-4,0.0,0,0,
215,215,799,0,0,215,466,7,15557,326,35,4,0.0,0,0,
216,216,838,0,0,216,469,1,16290,368,15,2,0.0,0,0,
217,217,933,0,0,217,580,16,10113,337,13,3,0.0,0,0,
218,218,1052,0,0,218,539,7,16040,506,27,3,0.0,0,0,
219,219,1107,0,0,219,795,10,16725,302,24,11,0.0,0,0,
220,220,1079,0,0,220,826,11,16087,242,8,4,0.0,0,0,
221,221,1191,0,0,221,876,6,14730,309,27,-2,0.0,0,0,
222,222,1364,0,0,222,853,15,12576,496,36,5,0.0,0,0,
223,223,900,0,0,223,702,7,13008,191,12,-5,0.0,0,0,
224,224,1078,0,0,224,850,9,16980,219,16,6,0.0,0,0,
225,225,1102,0,0,225,1001,21,15025,80,8,-1,0.0,0,0,
226,226,1097,0,0,226,1110,14,15896,-27,11,6,0.0,0,0,
227,227,942,0,0,227,1143,3,13705,-204,-7,-1,0.0,0,0,
228,228,843,0,0,228,1018,12,10791,-187,20,3,0.0,0,0,
229,229,815,0,0,229,877,5,0,-67,11,10,0.0,0,0,
230,230,1203,0,0,230,749,7,22045,447,20,-5,0.0,0,0,
231,231,969,0,0,231,984,28,12328,-43,5,3,0.0,0,0,
232,232,1055,0,0,232,1045,13,12667,-3,14,4,0.0,0,0,
233,233,1279,0,0,233,1090,14,12756,175,10,-2,0.0,0,0,
234,234,1094,0,0,234,957,6,11209,131,10,3,0.0,0,0,
235,235,1038,0,0,235,970,6,9279,62,5,4,0.0,0,0,
236,236,787,0,0,236,939,11,8744,-163,33,8,0.0,0,0,
237,237,1072,0,0,237,799,19,10969,254,0,-6,0.0,0,0,
238,238,1033,0,0,238,766,20,11829,247,-12,7,0.0,0,0,
239,239,905,0,0,239,759,12,11960,134,-13,-2,0.0,0,0,
240,240,1009,0,0,240,1027,26,9892,-44,9,-6,0.0,0,0,
241,241,879,0,0,241,1009,11,10673,-141,2,4,0.0,0,0,
242,242,808,0,0,242,994,10,10000,-196,-8,-4,0.0,0,0,
243,243,963,0,0,243,964,19,8801,-20,-16,-2,0.0,0,0,
244,244,929,0,0,244,852,17,10504,60,-1,-2,0.0,0,0,
245,245,1030,0,0,245,804,25,9968,200,-17,-11,0.0,0,0,
246,246,1108,0,0,246,1150,17,11301,-59,6,3,0.0,0,0,
247,247,1064,0,0,247,984,15,9771,65,-12,1,0.0,0,0,
248,248,965,0,0,248,912,26,7818,27,-7,2,0.0,0,0,
249,249,1037,0,0,249,908,11,10438,117,3,-3,0.0,0,0,
250,250,871,0,0,250,920,34,0,-82,27,4,0.0,0,0,
251,251,1029,0,0,251,785,33,-2097,211,13,-4,0.0,0,0,
252,252,1138,0,0,252,783,28,10455,328,-1,1,0.0,0,0,
253,253,1133,0,0,253,1072,25,10280,36,1,-5,0.0,0,0,
254,254,1234,0,0,254,875,28,10484,331,-16,1,0.0,0,0,
255,255,1329,0,0,255,958,9,11128,362,4,-1,0.0,0,0,
256,256,1237,0,0,256,951,15,9174,271,13,-1,0.0,0,0,
257,257,1162,0,0,257,981,38,10093,143,-6,6,0.0,0,0,
258,258,1378,0,0,258,843,22,8799,513,39,2,0.0,0,0,
259,259,1365,0,0,259,843,42,10974,480,10,2,0.0,0,0,
260,260,1301,0,0,260,1162,29,11513,110,0,-1,0.0,0,0,
261,261,1448,0,0,261,1099,25,11492,324,0,-3,0.0,0,0,
262,262,1211,0,0,262,1180,15,10846,16,4,7,0.0,0,0,
263,263,1218,0,0,263,1150,25,10472,43,4,-2,0.0,0,0,
264,264,982,0,0,264,1328,24,9361,-370,47,13,0.0,0,0,
265,265,1179,0,0,265,1299,35,10171,-155,14,0,0.0,0,0,
266,266,1207,0,0,266,1175,34,11552,-2,-1,1,0.0,0,0,
267,267,1259,0,0,267,1526,30,33422,-297,-27,-5,0.0,0,0,
268,268,1189,0,0,268,1408,32,-12111,-251,22,3,0.0,0,0,
269,269,1154,0,0,269,1351,23,9710,-220,-4,4,0.0,0,0,
270,270,1164,0,0,270,1282,13,9264,-131,-8,-5,0.0,0,0,
271,271,1124,0,0,271,1257,45,7745,-178,31,-2,0.0,0,0,
272,272,1100,0,0,272,927,28,8288,145,0,-1,0.0,0,0,
273,273,1464,0,0,273,940,32,0,492,10,-5,0.0,0,0,
274,274,1269,0,0,274,1236,37,21587,-4,-66,0,0.0,0,0,
275,275,1480,0,0,275,1179,37,10264,264,69,3,0.0,0,0,
276,276,1395,0,0,276,1108,12,9360,275,-13,-1,0.0,0,0,
277,277,1333,0,0,277,1163,23,8655,147,28,2,0.0,0,0,
278,278,1177,0,0,278,1023,28,8376,126,26,4,0.0,0,0,
279,279,1514,0,0,279,997,41,9764,476,21,1,0.0,0,0,
280,280,1470,0,0,280,982,30,11594,457,-3,0,0.0,0,0,
281,281,1345,0,0,281,1370,28,10981,-55,24,-2,0.0,0,0,
282,282,2031,0,0,282,1279,48,11322,704,-7,-1,0.0,0,0,
283,283,1691,0,0,283,1190,24,10235,477,24,6,0.0,0,0,
284,284,1577,0,0,284,1279,22,12046,277,40,3,0.0,0,0,
285,285,1564,0,0,285,1276,36,9813,252,17,9,0.0,0,0,
286,286,1728,0,0,286,1119,36,10169,572,9,7,0.0,0,0,
287,287,1842,0,0,287,1218,33,11552,591,4,-8,0.0,0,0,
288,288,1713,0,0,288,1736,53,11902,-76,23,10,0.0,0,0,
289,289,1898,0,0,289,1624,40,11750,234,-11,6,0.0,0,0,
290,290,1994,0,0,290,1580,33,12482,381,20,-6,0.0,0,0,
291,291,1620,0,0,291,1495,25,9900,101,10,-1,0.0,0,0,
292,292,1741,0,1,292,1549,38,11592,154,69,3,298.0,0,0,
293,293,1897,0,1,293,1274,42,9999,581,16,3,1315.0,0,0,
294,294,1855,0,1,294,1364,22,11943,469,27,6,969.0,0,0,
295,295,1773,0,1,295,1866,36,11165,-129,9,7,0.0,0,0,
296,296,2038,0,1,296,1847,44,11476,147,-6,1,0.0,0,0,
297,297,2146,0,1,297,1799,21,11533,326,5,4,0.0,0,0,
298,298,2108,0,1,298,1825,30,10456,253,38,0,0.0,0,0,
299,299,2183,0,1,299,1804,28,9879,351,7,-9,0.0,0,0,
300,300,2247,0,1,300,1602,73,10758,572,12,5,0.0,0,0,
301,301,2349,0,1,301,1926,46,12235,377,-15,4,0.0,0,0,
302,302,0,1,1,302,0,0,0,0,0,0,0.0,0,0,
303,303,0,1,1,303,0,0,0,0,0,0,0.0,0,0,
304,304,0,1,1,304,0,0,0,0,0,0,0.0,0,0,
305,305,9058,0,1,305,7865,147,34529,1046,72,4,0.0,0,0,
306,306,2381,0,1,306,1995,64,6848,322,7,-2,0.0,0,0,
307,307,2511,0,1,307,1984,41,7966,486,80,4,0.0,0,0,
308,308,2819,0,1,308,2002,61,0,755,-36,13,0.0,0,0,
309,309,0,1,1,309,0,0,0,0,0,0,0.0,0,0,
310,310,0,1,1,310,0,0,0,0,0,0,0.0,0,0,
311,311,7663,0,1,311,7409,121,0,134,50,14,0.0,0,0,
312,312,2546,0,1,312,1749,32,41503,763,69,9,30473.0,0,0,
313,313,2508,0,1,313,1397,62,7433,1049,23,6,2290.0,0,0,
314,314,2641,0,1,314,2302,47,8431,290,76,8,6221.0,0,0,
315,315,2519,0,1,315,2092,74,9849,352,-13,0,9648.0,0,0,
316,316,2588,0,1,316,2941,44,2556354,-402,23,5,13970.0,0,0,
317,317,3127,0,1,317,3042,41,0,36,-11,-1,12521.0,0,0,
318,318,2588,0,1,318,2684,39,73814,-135,-12,-3,9264.0,0,0,
319,319,1869,0,1,319,2275,51,27237,-458,56,8,8065.0,0,0,
320,320,1934,0,1,320,1982,45,22435,-93,61,10,7058.0,0,0,
321,321,2071,0,1,321,2246,33,32350,-208,19,8,7855.0,0,0,
322,322,2132,0,1,322,2575,63,36402,-508,7,1,8339.0,0,0,
323,323,1918,0,1,323,3193,60,39981,-1331,-27,1,11369.0,0,0,
324,324,2225,0,1,324,2430,67,33778,-216,-22,-4,10783.0,0,0,
325,325,1744,0,1,325,2644,50,37087,-1004,-14,-12,8838.0,0,0,
326,326,1634,0,1,326,2317,32,26831,-711,31,2,6845.0,0,0,
327,327,1386,0,1,327,2250,55,20412,-915,9,-5,10514.0,0,0,
328,328,1502,0,1,328,2017,66,28889,-579,-33,4,10207.0,0,0,
329,329,1624,0,1,329,1735,65,32845,-178,-14,0,11950.0,0,0,
330,330,1631,0,1,330,2040,88,35044,-496,-27,-4,14417.0,0,0,
331,331,1685,0,1,331,1878,76,43925,-269,-43,4,9625.0,0,0,
332,332,1457,0,1,332,1970,41,33719,-553,-56,3,8503.0,0,0,
333,333,1203,0,1,333,1672,43,27448,-511,-6,-2,1960.0,0,0,
334,334,1166,0,1,334,1916,56,19281,-802,3,0,4164.0,0,0,
335,335,1328,0,1,335,1418,53,28061,-143,-34,4,4340.0,0,0,
336,336,1368,0,1,336,1547,37,36733,-216,-26,-9,3767.0,0,0,
337,337,1295,0,1,337,1748,50,38410,-503,-47,78,3071.0,0,0,
338,338,1367,0,1,338,1572,46,32179,-251,-54,-89,2086.0,0,0,
339,339,1223,0,1,339,1560,31,35372,-368,-27,-10,84.0,0,0,
340,340,890,0,1,340,1435,32,27279,-577,8,-8,796.0,0,0,
341,341,1053,0,1,341,1454,36,33404,-438,-34,-5,1807.0,0,0,
342,342,1053,0,1,342,1155,37,25319,-138,-4,-1,716.0,0,0,
343,343,1093,0,1,343,1077,42,35103,-26,-36,-2,2409.0,0,0,
344,344,1101,0,1,344,1570,32,33490,-501,-30,-7,4718.0,0,0,
345,345,1204,0,1,345,1356,26,34152,-178,-58,-9,5231.0,0,0,
346,346,1081,0,1,346,1417,32,36021,-368,-19,-1,2646.0,0,0,
347,347,853,0,1,347,1249,15,25200,-411,6,2,2638.0,0,0,
348,348,826,0,1,348,1291,32,18532,-497,-29,-15,3406.0,0,0,
349,349,989,0,1,349,968,34,20419,-13,-22,3,3996.0,0,0,
350,350,1121,0,1,350,1031,37,32207,53,-44,-5,5742.0,0,0,
351,351,984,0,1,351,1350,24,40521,-390,-25,-6,8280.0,0,0,
352,352,1049,0,1,352,1145,28,33474,-124,-37,-7,10341.0,0,0,
353,353,910,0,1,353,1124,13,28399,-227,-7,2,2991.0,0,0,
354,354,728,0,1,354,1164,15,22649,-451,-1,4,942.0,0,0,
355,355,669,0,1,355,1108,17,16824,-456,-33,-2,2808.0,0,0,
356,356,800,0,1,356,874,12,25293,-86,-5,-4,1979.0,0,0,
357,357,900,0,1,357,829,6,31558,65,-19,-1,2445.0,0,0,
358,358,800,0,1,358,1184,14,30126,-398,-24,-2,9533.0,0,0,
359,359,769,0,1,359,1077,14,33068,-322,-23,-7,17673.0,0,0,
360,360,666,0,1,360,1031,15,27518,-380,-14,-1,15576.0,0,0,
361,361,805,0,1,361,960,11,22701,-166,3,-2,8994.0,0,0,
362,362,739,0,1,362,959,12,19081,-232,-9,3,12084.0,0,0,
363,363,806,0,1,363,682,16,22726,108,-25,10,10932.0,0,0,
364,364,858,0,1,364,741,15,33813,102,-22,-8,10166.0,0,0,
365,365,815,0,1,365,1006,11,33959,-202,-13,-3,13464.0,0,0,
366,366,858,0,1,366,760,13,31165,85,-21,-7,17859.0,0,0,
367,367,737,0,1,367,885,8,29810,-156,2,5,13856.0,0,0,
368,368,613,0,1,368,834,6,23200,-227,11,5,6560.0,0,0,
369,369,588,0,1,369,792,8,19073,-212,16,-1,16513.0,0,0,
370,370,729,0,1,370,752,19,21958,-42,-10,-1,17382.0,0,0,
371,371,707,0,1,371,645,19,28809,43,8,-5,17794.0,0,0,
372,372,798,0,1,372,877,10,27933,-89,-9,-4,19975.0,0,0,
373,373,749,0,1,373,815,10,28566,-76,-16,-2,21533.0,0,0,
374,374,707,0,1,374,814,7,25978,-114,-9,-2,16124.0,0,0,
375,375,579,0,1,375,737,9,22372,0,-2,1,16166.0,0,0,
376,376,650,0,1,376,806,12,18483,-335,-14,2,16726.0,0,0,
377,377,792,0,1,377,583,10,22398,199,5,2,18805.0,0,0,
378,378,738,0,1,378,553,15,29655,170,-18,-1,19227.0,0,0,
379,379,753,0,1,379,751,8,29175,-6,-13,-5,29603.0,0,0,
380,380,775,0,1,380,741,9,279230,25,1,0,32824.0,0,0,
381,381,674,0,1,381,800,5,28466,-131,-4,-6,34094.0,0,0,
382,382,594,0,1,382,725,10,23159,-141,6,-4,28527.0,0,0,
383,383,561,0,1,383,681,8,18232,-128,-20,-5,30492.0,0,0,
384,384,703,0,1,384,611,12,23432,80,-1,16,30206.0,0,0,
385,385,702,0,1,385,646,6,31945,50,-13,-6,27663.0,0,0,
386,386,764,0,1,386,785,11,33670,-32,-15,-2,39990.0,0,0,
387,387,775,0,1,387,725,7,32943,43,1,0,43194.0,0,0,
388,388,648,0,1,388,737,5,31995,-94,-4,3,29140.0,0,0,
389,389,712,0,1,389,742,15,24609,-45,12,12,21773.0,0,0,
390,390,656,0,1,390,665,4,21447,-13,6,-1,26536.0,0,0,
391,391,783,0,1,391,599,8,25675,176,-11,5,31311.0,0,0,
392,392,945,0,1,392,686,4,35129,255,-12,-1,41410.0,0,0,
393,393,950,0,1,393,752,7,39663,191,-15,-2,56135.0,0,0,
394,394,1009,0,1,394,748,8,35960,253,0,-7,54712.0,0,0,
395,395,917,0,1,395,695,2,33671,220,-1,6,46214.0,0,0,
396,396,891,0,1,396,737,4,26993,150,-3,6,38971.0,0,0,
397,397,864,0,1,397,726,7,24804,131,10,6,43985.0,0,0,
398,398,1025,0,1,398,616,9,31079,400,-2,-6,43486.0,0,0,
399,399,1271,0,1,399,742,9,40181,520,2,-1,42323.0,0,0,
400,400,1314,0,1,400,919,5,42286,390,16,2,49031.0,0,0,
401,401,1282,0,1,401,993,3,40340,286,-2,3,47667.0,0,0,
402,402,1154,0,1,402,893,9,38741,252,1,4,41194.0,0,0,
403,403,1252,0,1,403,943,4,30828,305,1,-5,22674.0,0,0,
404,404,1168,0,1,404,988,4,27470,176,11,-2,39982.0,0,0,
405,405,1270,0,1,405,914,8,30533,348,29,2,44113.0,0,0,
406,406,1609,0,1,406,943,9,38376,657,23,9,48736.0,0,0,
407,407,1683,0,1,407,1230,8,44634,445,3,2,69703.0,0,0,
408,408,1754,0,1,408,1269,11,49326,474,14,4,74262.0,0,0,
409,409,1535,0,1,409,1299,5,39836,0,25,1,61465.0,0,0,
410,410,1599,0,1,410,1228,2,27132,600,22,3,54401.0,0,0,
411,411,1490,0,1,411,1196,12,28046,282,13,8,60229.0,0,0,
412,412,1559,0,1,412,1145,7,44183,407,17,2,70702.0,0,0,
413,413,1513,0,1,413,1140,15,42876,358,1,7,70117.0,0,0,
414,414,1527,0,1,414,1597,7,43515,-77,3,8,77850.0,0,0,
415,415,1537,0,1,415,1702,8,39015,-173,28,8,73636.0,0,0,
416,416,1344,0,1,416,1654,9,0,-319,-9,0,539074.0,0,0,
417,417,1092,0,1,417,1675,14,33753,-597,3,8,-436551.0,0,0,
418,418,1136,0,1,418,1608,17,27348,-489,8,-6,48475.0,0,0,
419,419,1217,0,1,419,1354,5,32903,-142,22,1,55501.0,0,0,
420,420,1248,0,1,420,1338,7,41804,-97,-5,-4,85772.0,0,0,
421,421,1043,0,1,421,1626,15,42610,-598,-27,-2,,0,0,
422,422,1106,0,1,422,1365,9,42554,-268,-22,9,2763535.0,0,0,
423,423,1014,0,1,423,1419,9,39269,-414,-8,-16,64949.0,0,0,
424,424,889,0,1,424,1355,8,31267,-474,10,2,42656.0,0,0,
425,425,899,0,1,425,1250,12,26963,-363,3,3,45757.0,0,0,
426,426,1094,0,1,426,1143,10,31026,-59,-24,-9,50312.0,0,0,
427,427,1042,0,1,427,1031,5,40007,6,-20,4,72303.0,0,0,
428,428,1041,0,1,428,1309,13,42243,-281,-31,-1,64514.0,0,0,
429,429,1101,0,1,429,1188,7,41965,-94,-14,-5,63633.0,0,0,
430,430,1006,0,1,430,1151,9,36873,-154,-4,-2,50555.0,0,0,
431,431,798,0,1,431,1064,2,30063,-268,14,-6,38187.0,0,0,
432,432,797,0,1,432,1047,15,23897,-265,6,4,52141.0,0,0,
433,433,915,0,1,433,907,5,31593,3,-6,-3,57033.0,0,0,
434,434,907,0,1,434,890,7,39419,10,-8,-8,80582.0,0,0,
435,435,919,0,1,435,1084,3,39774,-168,-6,-5,104742.0,0,0,
436,436,958,0,1,436,1033,7,39782,-82,-27,-9,91009.0,0,0,
437,437,960,0,1,437,1090,6,31619,-136,-8,-6,76166.0,0,0,
438,438,662,0,1,438,1032,6,26456,-376,4,-1,63377.0,0,0,
439,439,660,0,1,439,977,9,22362,-326,-3,5,63042.0,0,0,
440,440,745,0,1,440,796,10,30760,-61,-10,-2,74391.0,0,0,
441,441,781,0,1,441,737,5,38146,39,-10,-5,95959.0,0,0,
442,442,838,0,1,442,972,8,38246,-142,10,2,112925.0,0,0,
443,443,760,0,1,443,897,7,34613,-144,-21,-3,102752.0,0,0,
444,444,716,0,1,444,911,2,33012,-197,-1,-1,92520.0,0,0,
445,445,551,0,1,445,844,8,25491,-301,-7,-3,73467.0,0,0,
446,446,549,0,1,446,845,8,22877,-304,-17,2,72548.0,0,0,
447,447,584,0,1,447,748,8,27799,-172,-18,-5,74310.0,0,0,
448,448,662,0,1,448,555,8,33757,99,-6,-6,93314.0,0,0,
449,449,752,0,1,449,752,9,35155,-9,-23,-1,110513.0,0,0,
450,450,505,0,1,450,804,6,29451,-305,-13,-3,96443.0,0,0,
451,451,477,0,1,451,772,3,25818,-298,-3,0,85419.0,0,0,
452,452,433,0,1,452,732,11,19231,-310,3,-1,68180.0,0,0,
453,453,346,0,1,453,687,6,16123,-347,-9,-1,54447.0,0,0,
454,454,308,0,1,454,541,4,19779,-237,-16,0,59965.0,0,0,
455,455,436,0,1,455,577,10,26706,-151,-5,-5,90486.0,0,0,
456,456,419,0,1,456,635,3,29750,-219,-9,-5,104204.0,0,0,
457,457,410,0,1,457,662,7,25207,-259,-12,0,99549.0,0,0,
458,458,315,0,1,458,630,2,22800,-317,-9,-1,97392.0,0,0,
459,459,276,0,1,459,532,1,18892,-257,-2,-1,0.0,0,0,
460,460,208,0,1,460,519,5,16513,-316,-8,-3,79798.0,0,0,
461,461,288,0,1,461,417,5,21937,-134,-14,-9,136764.0,0,0,
462,462,267,0,1,462,380,6,29287,-119,-23,-9,88625.0,0,0,
463,463,279,0,1,463,416,4,24870,-141,-10,-1,98232.0,0,0,
464,464,228,0,1,464,427,2,23640,-201,-24,-3,94384.0,0,0,
465,465,178,0,1,465,442,-1,20306,737,-9,-3,84670.0,0,0,
466,466,193,0,1,466,354,3,16911,-1164,-9,-3,68021.0,0,0,
467,467,149,0,1,467,332,4,14641,-187,-2,2,66963.0,0,0,
468,468,178,0,1,468,296,8,20476,-126,-6,0,77070.0,0,0,
469,469,189,0,1,469,255,2,25093,-68,-6,4,87713.0,0,0,
470,470,180,0,1,470,317,1,22969,-138,-7,-5,102360.0,0,0,
471,471,182,0,1,471,277,3,20070,-98,-17,0,107501.0,0,0,
472,472,151,0,1,472,283,2,18775,-134,-12,-1,102325.0,0,0,
473,473,123,0,1,473,213,1,15544,-91,-1,-4,79038.0,0,0,
474,474,105,0,1,474,216,4,15617,-115,-5,-4,91732.0,0,0,
475,475,153,0,1,475,177,0,20167,-24,-17,-5,87000.0,0,0,
476,476,161,0,1,476,192,1,25797,-32,-14,-4,99580.0,0,0,
477,477,127,0,1,477,194,2,22628,-69,-3,-2,103391.0,19901,83490,
478,478,160,0,1,478,187,9,20288,-36,3,0,91197.0,0,0,
479,479,103,0,1,479,192,2,16345,-91,-8,0,75770.0,0,0,
480,480,90,0,1,480,169,0,16315,-79,-2,0,60990.0,36157,191800,
481,481,84,0,1,481,154,4,16099,-74,-7,1,86458.0,7810,78648,
482,482,127,0,1,482,165,3,19126,-41,0,0,100106.0,8832,91274,
483,483,96,0,1,483,112,4,21084,-20,-18,-2,0.0,0,0,
484,484,88,0,1,484,178,0,19306,-90,-8,2,188045.0,14089,173956,
485,485,0,1,1,485,0,0,0,0,0,0,0.0,0,0,
486,486,0,1,1,486,0,0,0,0,0,0,0.0,0,0,
487,487,254,0,1,487,393,1,15812,-140,-11,-9,292519.0,23484,269035,
488,488,71,0,1,488,123,4,14449,-56,-2,0,107827.0,8031,99796,
489,489,126,0,1,489,110,3,17879,13,-5,4,108607.0,8117,100490,
490,490,93,0,1,490,94,4,17240,-5,-4,-1,124774.0,9282,115492,
491,491,69,0,1,491,111,3,16758,-45,-3,0,0.0,0,0,
492,492,0,1,1,492,0,0,0,0,0,0,0.0,0,0,
493,493,0,1,1,493,0,0,0,0,0,0,0.0,0,0,
494,494,176,0,1,494,284,1,12580,-109,-8,-7,363203.0,26627,336576,
495,495,67,0,1,495,94,0,11141,-27,0,0,99987.0,7299,92688,
496,496,103,0,1,496,76,1,15590,26,1,-2,106467.0,6724,99743,
497,497,64,0,1,497,69,10,16505,-15,-2,-2,115116.0,7520,107596,
498,498,287,0,1,498,291,1,15959,-5,-5,-1,122108.0,7519,114589,
499,499,0,1,1,499,0,0,0,0,0,0,0.0,0,0,
500,500,0,1,1,500,0,0,0,0,0,0,0.0,0,0,
501,501,199,0,1,501,258,1,11829,-60,-8,3,265768.0,19286,246482,
502,502,54,0,1,502,70,0,11406,-16,-3,0,0.0,0,0,
503,503,75,0,1,503,52,0,14676,23,-6,0,181425.0,14219,167206,
504,504,65,0,1,504,67,1,16478,-3,2,-2,103535.0,7504,96031,
505,505,83,0,1,505,106,3,14875,-26,3,2,101415.0,8280,93135,
506,506,0,1,1,506,0,0,0,0,0,0,0.0,0,0,
507,507,0,1,1,507,0,0,0,0,0,0,0.0,0,0,
508,508,239,0,1,508,211,1,11417,27,-6,-2,230322.0,17287,213035,
509,509,-15,0,1,509,1,0,9227,-16,-1,-2,83673.0,6035,77638,
510,510,103,0,1,510,54,-1,13659,50,-5,0,100819.0,7266,93553,
511,511,-90,0,1,511,-124,3,14304,31,-1,0,105088.0,7582,97506,
512,512,101,0,1,512,69,1,13988,0,-4,0,96034.0,7503,88531,
513,513,0,1,1,513,0,0,0,0,0,0,0.0,0,0,
514,514,0,1,1,514,0,0,0,0,0,0,0.0,0,0,
515,515,298,0,1,515,235,1,11166,93,0,-1,222851.0,16948,205903,
516,516,73,0,1,516,84,0,9741,-11,-1,1,75892.0,6599,0,
517,517,133,0,1,517,72,0,14922,61,-5,-2,72398.0,6762,134929,
518,518,138,0,1,518,88,0,13785,50,1,1,71186.0,6976,64210,
519,519,125,0,1,519,87,1,15505,37,-2,-3,68123.0,6801,61322,
520,520,0,1,1,520,0,0,0,0,0,0,0.0,0,0,
521,521,0,1,1,521,0,0,0,0,0,0,0.0,0,0,
522,522,501,0,1,522,346,0,11201,155,1,0,350821.0,131108,219713,
523,523,175,0,1,523,107,0,10648,68,-3,1,-124122.0,-108298,-15824,
524,524,184,0,1,524,96,-1,14409,89,0,-1,49337.0,6169,43168,
525,525,305,0,1,525,96,0,16569,209,2,-1,47394.0,6052,41342,
526,526,218,0,1,526,131,1,17525,86,-3,-1,53276.0,8180,45096,
527,527,0,1,1,527,0,0,0,0,0,0,0.0,0,0,
528,528,0,1,1,528,0,0,0,0,0,0,0.0,0,0,
529,529,759,0,1,529,459,1,14378,299,-2,-1,136448.0,21422,115026,
530,530,234,0,1,530,183,-1,12935,52,7,4,41543.0,6805,34738,
531,531,365,0,1,531,147,1,16879,217,5,4,37233.0,7600,29633,
532,532,369,0,1,532,142,0,17132,227,14,6,44137.0,9824,34313,
533,533,426,0,1,533,217,0,17603,209,-1,-1,49043.0,11276,37767,
534,534,0,1,1,534,0,0,0,0,0,0,0.0,0,0,
535,535,0,1,1,535,0,0,0,0,0,0,0.0,0,0,
536,536,1163,0,1,536,801,0,15376,362,2,0,0.0,0,0,
537,537,323,0,1,537,276,0,13757,47,6,0,192016.0,32831,159185,
538,538,436,0,1,538,254,36,16809,146,0,1,42568.0,8241,34327,
539,539,436,0,1,539,269,-1,17925,168,3,-1,44012.0,8536,35476,
540,540,527,0,1,540,309,2,20306,216,-14,-6,41221.0,8706,32515,
541,541,0,1,1,541,0,0,0,0,0,0,0.0,0,0,
542,542,0,1,1,542,0,0,0,0,0,0,0.0,0,0,
543,543,1402,0,1,543,1177,1,14394,224,22,10,113607.0,19894,93713,
544,544,345,0,1,544,371,3,12067,-29,3,-2,32597.0,7033,25564,
545,545,550,0,1,545,372,1,16367,177,8,4,21678.0,6585,21093,
546,546,603,0,1,546,306,1,19625,296,9,0,38999.0,9143,23856,
547,547,612,0,1,547,459,0,20162,153,7,3,35336.0,9986,25350,
548,548,0,1,1,548,0,0,0,0,0,0,0.0,0,0,
549,549,0,1,1,549,0,0,0,0,0,0,0.0,0,0,
550,550,1569,0,1,550,1486,0,15263,83,-1,1,89170.0,23003,66167,
551,551,425,0,1,551,429,1,16298,-5,6,-1,23594.0,6745,16849,
552,552,690,0,1,552,359,2,19086,329,7,4,26680.0,8281,18399,
553,553,699,0,1,553,369,1,22286,329,0,2,22850.0,8132,14718,
554,554,750,0,1,554,541,2,20547,207,9,7,29126.0,10500,18626,
555,555,0,1,1,555,0,0,0,0,0,0,0.0,0,0,
556,556,0,1,1,556,0,0,0,0,0,0,0.0,0,0,
557,557,0,1,1,557,0,0,0,0,0,0,0.0,0,0,
558,558,2489,0,1,558,2292,2,15914,195,24,19,79231.0,27436,51795,
559,559,600,0,1,559,432,3,19711,165,7,3,19989.0,7374,12615,
560,560,703,0,1,560,490,1,23225,212,20,-1,25737.0,10043,15694,
561,561,879,0,1,561,700,4,26405,175,9,2,27233.0,10325,16908,
562,562,0,1,1,562,0,0,0,0,0,0,0.0,0,0,
563,563,0,1,1,563,0,0,0,0,0,0,0.0,0,0,
564,564,2391,0,1,564,2104,4,21326,283,20,3,64379.0,23040,41339,
565,565,633,0,1,565,680,7,20668,-54,3,3,15213.0,6272,8941,
566,566,785,0,1,566,545,1,24346,239,20,7,16123.0,6664,9459,
567,567,782,0,1,567,653,2,30578,127,6,2,20120.0,7840,12280,
568,568,837,0,1,568,631,3,30638,203,6,8,23064.0,9332,13732,
569,569,0,1,1,569,0,0,0,0,0,0,0.0,0,0,
570,570,0,1,1,570,0,0,0,0,0,0,0.0,0,0,
571,571,2242,0,1,571,2441,8,23885,-207,18,-3,50973.0,19200,31773,
572,572,587,0,1,572,797,9,22379,-219,-6,-6,10204.0,3982,6222,
573,573,683,0,1,573,613,5,26635,65,6,5,11498.0,4592,6906,
574,574,754,0,1,574,678,7,30494,69,3,-1,0.0,0,0,
575,575,701,0,1,575,739,2,36156,-40,15,1,35743.0,13068,22675,
576,576,0,1,1,576,0,0,0,0,0,0,0.0,0,0,
577,577,0,1,1,577,0,0,0,0,0,0,0.0,0,0,
578,578,2033,0,1,578,2256,7,23086,-230,1,4,42388.0,14728,27660,
579,579,469,0,1,579,725,6,20361,-262,22,-1,7218.0,2868,4350,
580,580,594,0,1,580,684,7,27031,-97,-15,-3,10746.0,4036,6710,
581,581,655,0,1,581,648,2,31456,5,5,0,15045.0,5735,9310,
582,582,643,0,1,582,680,6,35216,-43,-1,-7,18121.0,6693,11428,
583,583,0,1,1,583,0,0,0,0,0,0,0.0,0,0,
584,584,0,1,1,584,0,0,0,0,0,0,0.0,0,0,
585,585,1541,0,1,585,2114,12,528792,-585,-20,4,35956.0,12778,23178,
586,586,436,0,1,586,671,8,20731,-243,1,2,6775.0,2744,4031,
587,587,506,0,1,587,487,3,26512,16,3,0,9445.0,3632,5813,
588,588,624,0,1,588,537,5,32030,82,3,-2,13153.0,4802,8351,
589,589,643,0,1,589,629,5,31069,9,5,-2,16745.0,6166,10579,
590,590,0,1,1,590,0,0,0,0,0,0,0.0,0,0,
591,591,0,1,1,591,0,0,0,0,0,0,0.0,0,0,
592,592,0,1,1,592,0,0,0,0,0,0,0.0,0,0,
593,593,2103,0,1,593,2314,12,100616,-223,-11,-14,39924.0,14398,25526,
594,594,512,0,1,594,430,7,22847,75,7,3,9806.0,4060,5746,
595,595,644,0,1,595,510,2,28010,132,0,1,12231.0,4979,7252,
596,596,676,0,1,596,543,6,34093,127,3,3,13279.0,5521,7758,
597,597,0,1,1,597,0,0,0,0,0,0,0.0,0,0,
598,598,0,1,1,598,0,0,0,0,0,0,0.0,0,0,
599,599,1621,0,1,599,1742,12,81769,-133,2,-2,32498.0,13384,19114,
600,600,342,0,1,600,585,4,21110,-247,-6,-2,6705.0,3288,3417,
601,601,458,0,1,601,483,2,26497,-27,-10,-3,9637.0,5196,4441,
602,602,428,0,1,602,486,3,30440,-61,-13,0,13614.0,7483,6131,
603,603,434,0,1,603,537,8,27631,-111,-14,-4,15038.0,8588,6450,
604,604,0,1,1,604,0,0,0,0,0,0,0.0,0,0,
605,605,0,1,1,605,0,0,0,0,0,0,0.0,0,0,
606,606,1204,0,1,606,1788,11,73045,-595,-1,1,29311.0,14189,15122,
607,607,340,0,1,607,551,4,20305,-215,0,-3,8900.0,6133,2767,
608,608,478,0,1,608,456,4,25291,18,-2,0,10586.0,6833,3753,
609,609,478,0,1,609,362,5,31970,111,-3,1,14376.0,9100,5276,
610,610,511,0,1,610,449,1,28908,61,-4,1,13844.0,8181,5663,
611,611,0,1,1,611,0,0,0,0,0,0,0.0,0,0,
612,612,0,1,1,612,0,0,0,0,0,0,0.0,0,0,
613,613,1655,0,1,613,1277,5,73442,373,-6,-1,25885.0,13435,12450,
614,614,490,0,1,614,402,6,20717,82,6,4,10759.0,8239,2520,
615,615,525,0,1,615,336,8,25573,181,-2,-1,11671.0,9051,2620,
616,616,588,0,1,616,388,0,29685,200,-7,-7,13496.0,9769,3727,
617,617,571,0,1,617,452,1,27531,118,-1,-6,16115.0,10854,5261,
618,618,0,1,1,618,0,0,0,0,0,0,0.0,0,0,
619,619,0,1,1,619,0,0,0,0,0,0,0.0,0,0,
620,620,1764,0,1,620,1496,11,80207,257,-15,-9,27734.0,16884,10850,
621,621,545,0,1,621,573,6,21669,-34,-6,-3,10284.0,8281,2003,
622,622,672,0,1,622,513,1,25666,158,1,0,11261.0,-166332,2843,
623,623,663,0,1,623,493,4,32421,166,-5,-3,14601.0,2336,4161,
624,624,716,0,1,624,529,2,29731,185,-10,-2,14294.0,2596,4574,
625,625,0,1,1,625,0,0,0,0,0,0,0.0,0,0,
626,626,0,1,1,626,0,0,0,0,0,0,0.0,0,0,
627,627,1858,0,1,627,1791,11,77019,56,-3,2,27303.0,6233,10852,
628,628,517,0,1,628,591,2,19866,-76,-2,5,10520.0,1290,2225,
629,629,718,0,1,629,529,0,26597,189,-5,0,9212.0,1412,2282,
630,630,720,0,1,630,517,2,31268,201,10,-1,12165.0,2227,3484,
631,631,745,0,1,631,0,2,29894,30,-4,-1,12263.0,2407,4010,
632,632,0,1,1,632,0,0,0,0,0,0,0.0,0,0,
633,633,0,1,1,633,0,0,0,0,0,0,0.0,0,0,
634,634,2214,0,1,634,2723,8,76578,196,3,1,21374.0,5952,9302,
635,635,699,0,1,635,692,5,21313,2,-1,0,426.0,5,96,
636,636,882,0,1,636,504,1,27881,377,8,0,12518.0,2756,3832,
637,637,2204,0,1,637,1855,5,31317,344,-1,-1,16513.0,9052,2902,
638,638,1037,0,1,638,760,0,31175,277,-4,-2,19463.0,10424,3807,
639,639,0,1,1,639,0,0,0,0,0,0,0.0,0,0,
640,640,0,1,1,640,0,0,0,0,0,0,0.0,0,0,
641,641,2802,0,1,641,2275,5,86351,522,20,2,72662.0,58915,6745,
642,642,784,0,1,642,714,3,21429,67,1,6,20210.0,12685,1730,
643,643,1196,0,1,643,660,2,28011,534,12,1,24132.0,14315,1809,
644,644,1146,0,1,644,722,2,35190,422,-12,1,27558.0,16416,2156,
645,645,1355,0,1,645,925,2,34819,428,3,4,29119.0,18419,2431,
646,646,0,1,1,646,0,0,0,0,0,0,0.0,0,0,
647,647,0,1,1,647,0,0,0,0,0,0,0.0,0,0,
648,648,3957,0,1,648,2978,4,97663,975,-4,5,81127.0,60058,5488,
649,649,1234,0,1,649,971,5,25137,258,9,-4,22132.0,12429,1482,
650,650,1367,0,1,650,755,2,31491,610,7,1,30094.0,16188,1453,
651,651,1807,0,1,651,861,1,56397,945,13,1,34634.0,16680,2112,
652,652,2013,0,1,652,1171,6,39837,836,1,2,35552.0,14699,2262,
653,653,0,1,1,653,0,0,0,0,0,0,0.0,0,0,
654,654,0,1,1,654,0,0,0,0,0,0,0.0,0,0,
655,655,5363,0,1,655,4025,8,111986,1330,12,11,98981.0,42785,5259,
656,656,1747,0,1,656,1374,7,30836,366,25,2,35093.0,10916,1382,
657,657,2386,0,1,657,1025,4,35854,1357,16,-2,48977.0,13920,1645,
658,658,2736,0,1,658,1305,5,42778,1426,-4,-10,54570.0,12486,2187,
659,659,3768,0,1,659,1603,7,44911,2158,7,-1,58507.0,12875,2608,
660,660,0,1,1,660,0,0,0,0,0,0,0.0,0,0,
661,661,0,1,1,661,0,0,0,0,0,0,0.0,0,0,
662,662,12048,0,1,662,5455,8,183211,6585,85,20,164233.0,27825,5454,
663,663,5043,0,1,663,1860,8,87824,3175,18,6,76356.0,8176,1938,
664,664,6361,0,1,664,1516,2,-38879,4843,30,0,88424.0,6668,2213,3.9027729044947903
665,665,9397,0,1,665,1745,6,52927,7646,28,3,95985.0,6048,2588,3.119278405458694
666,666,0,1,1,666,0,0,0,0,0,0,0.0,0,0,
667,667,0,1,1,667,0,0,0,0,0,0,0.0,0,0,
668,668,0,1,1,668,0,0,0,0,0,0,0.0,0,0,
669,669,35342,0,1,669,15062,19,213715,20261,141,18,128039.0,6390,3400,3.2148245328692537
670,670,12833,0,1,670,5162,15,40759,7656,88,6,64132.0,2869,1466,3.0031653380782832
671,671,13149,0,1,671,4648,10,48190,8491,102,7,88309.0,2886,1712,3.1058063132157328
672,672,14188,0,1,672,5528,9,53990,8651,135,16,95538.0,4005,2376,3.1252924631062586
673,673,0,1,1,673,0,0,0,0,0,0,0.0,0,0,
674,674,0,1,1,674,0,0,0,0,0,0,0.0,0,0,
675,675,0,1,1,675,0,0,0,0,0,0,0.0,0,0,
676,676,64721,0,1,676,47741,49,172670,16931,457,43,139276.0,4803,3841,3.246908899979035
677,677,14494,0,1,677,9392,21,0,5081,196,4,70964.0,2266,1872,3.03615501437834
678,678,14486,0,1,678,7699,39,0,6748,158,6,94191.0,2758,1909,3.1264155970874574
679,679,15874,0,1,679,9853,26,198984,5995,203,16,99216.0,3466,2571,3.1389017565081763
680,680,16176,0,1,680,14712,27,61305,1437,180,22,103969.0,3178,3217,3.1533291624163216
681,681,0,1,1,681,0,0,0,0,0,0,0.0,0,0,
682,682,0,1,1,682,0,0,0,0,0,0,0.0,0,0,
683,683,37508,0,1,683,54223,93,153019,-16808,421,19,249098.0,10788,6410,3.4383620804496786
684,684,8710,0,1,684,14450,62,39157,-5802,188,7,100758.0,2697,1981,3.148123016014607
685,685,8351,0,1,685,11124,52,38341,-2825,135,8,111033.0,3073,2032,3.179344537192087
686,686,8793,0,1,686,13132,45,43238,-4384,117,9,116106.0,4611,2606,3.1876399518525846
687,687,7382,0,1,687,19492,68,42550,-12178,91,3,114721.0,4222,3126,3.1831233274996977
688,688,0,1,1,688,0,0,0,0,0,0,0.0,0,0,
689,689,0,1,1,689,0,0,0,0,0,0,0.0,0,0,
690,690,18051,0,1,690,44802,171,119225,-26922,296,11,287565.0,15225,10267,3.4803981321163504
691,691,5143,0,1,691,7704,89,29042,-2650,36,3,93730.0,2359,2177,3.124571041808684
692,692,6123,0,1,692,5465,88,34120,570,8,-4,114816.0,3136,2677,3.1871098319077755
693,693,6528,0,1,693,5822,98,38945,608,-14,0,110351.0,3515,6624,3.1592765232288373
694,694,5995,0,1,694,7574,59,41258,-1638,-60,-20,113829.0,3463,8097,3.1659049854885817
695,695,0,1,1,695,0,0,0,0,0,0,0.0,0,0,
696,696,0,1,1,696,0,0,0,0,0,0,0.0,0,0,
697,697,13495,0,1,697,17288,153,100263,-3946,-52,-2,250000.0,9473,44874,3.3787233182063554
698,698,2977,0,1,698,4539,85,21730,-1647,-21,0,86488.0,2576,9121,3.0680309905241225
699,699,4150,0,1,699,4384,73,30020,-307,-8,-11,86062.0,2373,10323,3.062058115159482
700,700,3956,0,1,700,3772,56,33768,128,-117,-17,84663.0,2737,12364,3.0450854125837643
701,701,3600,0,1,701,4487,48,31898,-935,-62,-7,78975.0,2859,11503,3.0229643733835303
702,702,0,1,1,702,0,0,0,0,0,0,0.0,0,0,
703,703,0,1,1,703,0,0,0,0,0,0,0.0,0,0,
704,704,8771,0,1,704,12784,110,82260,-4123,-203,-5,183648.0,7476,44027,3.2481012034819634
705,705,2730,0,1,705,3859,63,20874,-1192,-36,-5,53955.0,1981,9059,2.9011303996225024
706,706,3816,0,1,706,3102,50,27253,664,-122,-14,50745.0,1932,10587,2.867738654182052
707,707,3592,0,1,707,3344,42,29924,206,-93,-13,48947.0,1979,11489,2.845217508819814
708,708,3400,0,1,708,4497,42,28889,-1139,-96,-7,44904.0,1708,9642,2.8294440155772884
709,709,0,1,1,709,0,0,0,0,0,0,0.0,0,0,
710,710,0,1,1,710,0,0,0,0,0,0,0.0,0,0,
711,711,7763,0,1,711,11362,75,73805,-3674,-116,-6,108490.0,5101,32347,3.0510081531372983
712,712,2504,0,1,712,3552,56,17845,-1104,-45,0,33209.0,1151,7079,2.747041191803849
713,713,3361,0,1,713,3015,31,23135,315,-32,-7,35894.0,1430,8458,2.7583686922877226
714,714,2894,0,1,714,3173,35,27193,-314,-36,2,32756.0,1446,8710,2.7188801950621313
715,715,0,1,1,715,0,0,0,0,0,0,31430.0,1436,8835,2.701111122242472
716,716,0,1,1,716,0,0,0,0,0,0,0.0,0,0,
717,717,0,1,1,717,0,0,0,0,0,0,0.0,0,0,
718,718,8322,0,1,718,14477,93,82718,-6248,-217,-37,72923.0,3342,21472,2.9329326532422777
719,719,1973,0,1,719,3119,56,15915,-1202,-43,-4,19733.0,914,6205,2.5639689581996916
720,720,2328,0,1,720,2512,24,19407,-208,-57,-3,24873.0,4274,6544,2.591823569650669
721,721,2055,0,1,721,2547,22,20578,-514,-93,-5,18738.0,-2604,7289,2.5912925513496923
722,722,1837,0,1,722,3489,23,21316,-1675,-68,-5,17656.0,590,5238,2.5442781367078835
723,723,0,1,1,723,0,0,0,0,0,0,0.0,0,0,
724,724,0,1,1,724,0,0,0,0,0,0,0.0,0,0,
725,725,3997,0,1,725,7926,21,50785,-3950,-58,0,47796.0,957,8125,2.8694796294412317
726,726,1438,0,1,726,2305,30,15893,-897,-34,-12,14451.0,79,3200,2.5318546995335725
727,727,1861,0,1,727,1829,17,20306,15,-70,-5,12710.0,449,3304,2.4759207625808
728,728,1517,0,1,728,1846,28,19033,-357,-68,-6,12590.0,487,3446,2.468029274065846
729,729,1542,0,1,729,2298,24,18485,-780,-72,9,15223.0,582,3659,2.5265179699352367
730,730,0,1,1,730,0,0,0,0,0,0,0.0,0,0,
731,731,0,1,1,731,0,0,0,0,0,0,0.0,0,0,
732,732,3160,0,1,732,7059,27,45000,-3926,-86,0,40040.0,1210,7142,2.811518849005252
733,733,698,0,1,733,65,14,14113,619,-7,-15,11206.0,272,1630,2.487733197355503
734,734,1630,0,1,734,1228,20,15779,382,-58,-8,7151.0,188,1417,2.3588770286500576
735,735,0,1,1,735,0,0,0,0,0,0,0.0,0,0,
736,736,2611,0,1,736,3425,40,30656,-854,-68,-2,16183.0,547,3261,2.5516352089877774
737,737,2611,0,1,737,3425,40,30656,-854,-68,-2,16183.0,547,3261,2.5516352089877774
738,738,0,1,1,738,0,0,0,0,0,0,0.0,0,0,
739,739,3233,0,1,739,4206,19,35486,-992,-138,-1,24516.0,619,6176,2.647149018133194
740,740,1246,0,1,740,1209,10,10551,27,-22,-2,4698.0,179,1032,2.241447480888685
741,741,1366,0,1,741,1074,4,12997,288,-59,-8,4979.0,179,1101,2.2560659254681834
742,742,1227,0,1,742,975,2,13414,193,-33,-1,6623.0,333,1991,2.291495735009388
743,743,630,0,1,743,1396,63,13992,-772,65,-3,7894.0,367,2022,2.3473498469175067
744,744,0,1,1,744,0,0,0,0,0,0,0.0,0,0,
745,745,0,1,1,745,0,0,0,0,0,0,0.0,0,0,
746,746,2625,0,1,746,3438,28,33382,-841,-49,-4,23356.0,798,7598,2.5971364254798064
747,747,1023,0,1,747,1094,20,9972,-91,5,5,3850.0,130,920,2.1904565152179276
748,748,1380,0,1,748,843,11,13213,526,-9,-10,4636.0,121,1080,2.2363540294736133
749,749,1462,0,1,749,909,19,14110,534,-39,-6,5830.0,224,1335,2.281366005364863
750,750,1170,0,1,750,1113,13,14341,44,-13,-5,6774.0,230,1746,2.309661710466102
751,751,0,1,1,751,0,0,0,0,0,0,0.0,0,0,
752,752,0,1,1,752,0,0,0,0,0,0,0.0,0,0,
753,753,3224,0,1,753,3522,20,34553,-588,-19,3,21417.0,839,6035,2.5835585607076017
754,754,1383,0,1,754,1015,7,10716,631,41,-2,3880.0,89,774,2.1968325977121954
755,755,2111,0,1,755,700,2,13351,949,-9,4,3325.0,-18,616,2.1712855836382046
756,756,2295,0,1,756,948,14,16174,1793,28,7,5518.0,102,1155,2.2653368976329964
757,757,2203,0,1,757,1458,12,15454,733,-14,2,8011.0,198,1365,2.3497421179552442
758,758,0,1,1,758,0,0,0,0,0,0,0.0,0,0,
759,759,0,1,1,759,0,0,0,0,0,0,0.0,0,0,
760,760,5714,0,1,760,3997,25,40975,1692,67,-6,25755.0,818,5709,2.6304018579553747
761,761,2171,0,1,761,1184,20,12508,967,38,10,4395.0,119,604,2.183908886774401
762,762,3067,0,1,762,931,8,17414,2128,47,-3,8977.0,175,807,2.2608413982734072
763,763,3319,0,1,763,1206,12,19000,2101,38,6,17413.0,243,1013,2.319006388804015
764,764,3182,0,1,764,2084,17,19704,1081,37,-4,20898.0,191,1187,2.3965199710172613
765,765,0,1,1,765,0,0,0,0,0,0,0.0,0,0,
766,766,0,1,1,766,0,0,0,0,0,0,0.0,0,0,
767,767,7973,0,1,767,6611,29,52719,1333,132,7,47188.0,856,3705,2.591634032652314
768,768,2615,0,1,768,1975,31,14199,609,72,0,13538.0,109,439,2.2123568222761167
769,769,3761,0,1,769,1575,12,0,0,61,-3,19909.0,82,442,2.288028084478108
770,770,3777,0,1,770,1894,28,90511,4029,42,-2,32210.0,193,535,2.314323997285786
771,771,3572,0,1,771,3161,30,22063,381,55,-2,36564.0,187,912,2.3356765074143753
772,772,0,1,1,772,0,0,0,0,0,0,0.0,0,0,
773,773,0,1,1,773,0,0,0,0,0,0,0.0,0,0,
774,774,8246,0,1,774,9064,32,58314,-850,156,7,78271.0,938,3245,2.5499948078870993
775,775,2596,0,1,775,2660,35,15261,-99,145,-2,26567.0,196,360,2.1806124930016724
776,776,3515,0,1,776,1997,13,17894,1505,122,16,40073.0,215,355,2.2443020236081885
777,777,3190,0,1,777,2285,26,22407,879,94,13,47521.0,194,444,2.3225903085166397
778,778,0,1,1,778,0,0,0,0,0,0,0.0,0,0,
